"","date","pop","cruise","Qc_mean","data_day","estimate","std.error","p.value","Cfix_norm","Cfix_se","Cmax","Cmin","month","day","doy","year","salinity","temp","SiO4","NO3_NO2","PO4"
"1","2011-10-26","synecho","TN271",0.0883252016504409,6,0.000491728740003152,8.75879254964998e-05,3.69258635642907e-06,0.00556725295628801,0.000991652709077768,0.00655890566536578,0.00457560024721024,10,2011-10-26,299,"2011",32.4488941067299,14.5026671143448,NA,NA,NA
"2","2011-10-26","picoeuk","TN271",0.153165251077339,6,0.0214502018894603,0.000709390339170934,1.4265160467596e-24,0.140046138001819,0.0046315357705563,0.144677673772376,0.135414602231263,10,2011-10-26,299,"2011",32.4488941067299,14.5026671143448,NA,NA,NA
"3","2011-10-27","picoeuk","TN271",0.353514655275518,7,0.0163178931052694,0.000859329394323492,3.46533152616908e-66,0.0461590286619143,0.00243081688835151,0.0485898455502658,0.0437282117735628,10,2011-10-27,300,"2011",32.5810719871272,14.9591921771284,0.142939962073754,3.49371862587876,0.562130101721341
"4","2011-10-27","prochloro","TN271",0.0402967685873213,7,0.000770670179269533,2.35195764957506e-05,6.89938952001746e-148,0.0191248630172299,0.000583659120080179,0.0197085221373101,0.0185412038971497,10,2011-10-27,300,"2011",32.5810719871272,14.9591921771284,0.142939962073754,3.49371862587876,0.562130101721341
"5","2011-10-27","synecho","TN271",0.163627941919428,7,0.0154090834863198,0.00018574344160693,0,0.0941714679385712,0.00113515723187664,0.0953066251704478,0.0930363107066946,10,2011-10-27,300,"2011",32.5810719871272,14.9591921771284,0.142939962073754,3.49371862587876,0.562130101721341
"6","2011-10-28","prochloro","TN271",0.0331041421180718,7,0.00108009408931054,2.87275989567657e-05,4.12295903796803e-176,0.0326271584219942,0.000867794696334483,0.0334949531183287,0.0317593637256597,10,2011-10-28,301,"2011",32.6656112499513,16.9675873097614,NA,NA,NA
"7","2011-10-28","picoeuk","TN271",0.400191388262926,7,0.0232858867062278,0.000985609781368371,3.98289941237266e-93,0.0581868760527374,0.00246284605385067,0.0606497221065881,0.0557240299988868,10,2011-10-28,301,"2011",32.6656112499513,16.9675873097614,NA,NA,NA
"8","2011-10-29","picoeuk","TN271",0.498324742343492,7,0.0371565536053165,0.000422044510092096,0,0.0745629314542538,0.000846926660930642,0.0754098581151844,0.0737160047933231,10,2011-10-29,302,"2011",33.8403521426997,20.2975961502406,NA,NA,NA
"9","2011-10-29","synecho","TN271",0.12335502600924,7,0.00282907556799458,5.22150797237824e-05,2.99384342935913e-264,0.022934416695617,0.000423291060064884,0.0233577077556819,0.0225111256355522,10,2011-10-29,302,"2011",33.8403521426997,20.2975961502406,NA,NA,NA
"10","2011-10-29","prochloro","TN271",0.0337999370169715,7,0.00092613651369485,5.05559741538507e-06,0,0.027400539629107,0.000149574166746126,0.0275501137958532,0.0272509654623609,10,2011-10-29,302,"2011",33.8403521426997,20.2975961502406,NA,NA,NA
"11","2011-10-30","picoeuk","TN271",0.554899648043313,7,0.0377257007502173,0.00036813354809832,0,0.0679865285250146,0.00066342364677367,0.0686499521717883,0.067323104878241,10,2011-10-30,303,"2011",34.8839156555309,22.2543386889869,NA,NA,NA
"12","2011-10-30","prochloro","TN271",0.0335894821433495,7,0.0011927084169427,5.85941201014064e-06,0,0.0355083895563673,0.000174441867997086,0.0356828314243644,0.0353339476883703,10,2011-10-30,303,"2011",34.8839156555309,22.2543386889869,NA,NA,NA
"13","2011-10-30","synecho","TN271",0.1332862796011,7,0.00400771606860106,6.29450499313855e-05,3.58060403356489e-308,0.0300684817716827,0.000472254534523494,0.0305407363062061,0.0295962272371592,10,2011-10-30,303,"2011",34.8839156555309,22.2543386889869,NA,NA,NA
"14","2011-10-31","prochloro","TN271",0.0338721086541617,7,0.00169231076023753,1.28084092691103e-05,0,0.0499617776240692,0.000378140298257948,0.0503399179223271,0.0495836373258113,10,2011-10-31,304,"2011",35.3333418405458,23.8967444202384,0.114196250327411,0.000268575455514342,0.288114590829485
"15","2011-10-31","synecho","TN271",0.128191906739939,7,0.0050391538544246,5.79234958020511e-05,0,0.0393094539474121,0.00045184986537067,0.0397613038127828,0.0388576040820414,10,2011-10-31,304,"2011",35.3333418405458,23.8967444202384,0.114196250327411,0.000268575455514342,0.288114590829485
"16","2011-10-31","picoeuk","TN271",0.624583275454389,7,0.0478240864455434,0.000439694939226604,0,0.076569591798229,0.000703981288814886,0.0772735730870439,0.0758656105094142,10,2011-10-31,304,"2011",35.3333418405458,23.8967444202384,0.114196250327411,0.000268575455514342,0.288114590829485
"17","2011-11-01","picoeuk","TN271",0.680131036108228,6,0.0453427049087161,0.000346889755947074,0,0.0666676015377437,0.000510033710462633,0.0671776352482063,0.0661575678272811,11,2011-11-01,305,"2011",34.9580755419693,24.6971973522818,0.118490452328722,1.95715961747214e-06,0.322856555770054
"18","2011-11-01","prochloro","TN271",0.0362048060505434,6,0.00127081975101581,3.95766073980505e-05,1.76870255407908e-141,0.035100857859636,0.00109313131916243,0.0361939891787984,0.0340077265404736,11,2011-11-01,305,"2011",34.9580755419693,24.6971973522818,0.118490452328722,1.95715961747214e-06,0.322856555770054
"19","2011-11-01","synecho","TN271",0.142357937450685,6,0.00354921336047798,0.00011894938386214,2.66782138060537e-128,0.0249316155041055,0.000835565518806047,0.0257671810229116,0.0240960499852995,11,2011-11-01,305,"2011",34.9580755419693,24.6971973522818,0.118490452328722,1.95715961747214e-06,0.322856555770054
"20","2011-11-02","picoeuk","TN271",0.594124827832728,6,0.0256840608743341,0.000532876141540706,1.96765891986971e-228,0.0432300750130665,0.00089690939778523,0.0441269844108518,0.0423331656152813,11,2011-11-02,306,"2011",34.9868633140475,25.3368527043839,0.120240291363874,4.14730050944908e-06,0.329405304006937
"21","2011-11-02","prochloro","TN271",0.0375305708965121,6,0.00212891459328775,1.46965200711076e-05,0,0.0567248123978203,0.000391587970021352,0.0571164003678417,0.056333224427799,11,2011-11-02,306,"2011",34.9868633140475,25.3368527043839,0.120240291363874,4.14730050944908e-06,0.329405304006937
"22","2011-11-02","synecho","TN271",0.151184992935843,6,0.00724399039506543,8.99535674888337e-05,0,0.0479147450708915,0.000594990056499899,0.0485097351273914,0.0473197550143916,11,2011-11-02,306,"2011",34.9868633140475,25.3368527043839,0.120240291363874,4.14730050944908e-06,0.329405304006937
"23","2015-03-22","prochloro","KM1502",0.0343200261549095,8,0.000704792290935103,3.07324955089253e-05,1.02420603877446e-84,0.0205358902628424,0.000895468300933362,0.0214313585637758,0.0196404219619091,3,2015-03-22,81,"2015",32.6175748844764,13.0780418873573,NA,NA,NA
"24","2015-03-22","synecho","KM1502",0.118123606039586,8,0.00439296549943793,0.000158309571599828,9.85302320153363e-111,0.0371895647849232,0.00134020266488287,0.038529767449806,0.0358493621200403,3,2015-03-22,81,"2015",32.6175748844764,13.0780418873573,NA,NA,NA
"25","2015-03-23","prochloro","KM1502",0.0258586476722241,8,0.000145595111798691,6.99914701133514e-06,3.9176180479205e-69,0.00563042250485051,0.000270669491307282,0.00590109199615779,0.00535975301354323,3,2015-03-23,82,"2015",33.147761385429,14.9774592914011,NA,NA,NA
"26","2015-03-23","picoeuk","KM1502",0.0465023640537441,8,0.000965643036577705,8.5980770564028e-05,3.61392557543921e-26,0.0207654612023957,0.00184895482871919,0.0226144160311149,0.0189165063736765,3,2015-03-23,82,"2015",33.147761385429,14.9774592914011,NA,NA,NA
"27","2015-03-23","synecho","KM1502",0.123988450564382,8,0.00154163853930537,4.33006001059927e-05,2.82727620586715e-137,0.0124337269502764,0.000349230915531996,0.0127829578658084,0.0120844960347444,3,2015-03-23,82,"2015",33.147761385429,14.9774592914011,NA,NA,NA
"28","2015-03-24","picoeuk","KM1502",0.375094856604649,7,0.00994940990975384,0.000163682328801942,2.90704161164222e-252,0.0265250502228042,0.000436375828460009,0.0269614260512642,0.0260886743943442,3,2015-03-24,83,"2015",33.6954157732486,16.3350977552467,NA,NA,NA
"29","2015-03-24","prochloro","KM1502",0.0251110211103982,7,0.000183832727202599,7.62041712607461e-06,2.59672164455088e-89,0.00732079856069553,0.000303469026312079,0.00762426758700761,0.00701732953438345,3,2015-03-24,83,"2015",33.6954157732486,16.3350977552467,NA,NA,NA
"30","2015-03-24","synecho","KM1502",0.13871188272381,7,0.00120587035253824,4.77883357291424e-05,4.30508514619004e-95,0.0086933457239511,0.000344515082563576,0.00903786080651467,0.00834883064138752,3,2015-03-24,83,"2015",33.6954157732486,16.3350977552467,NA,NA,NA
"31","2015-03-25","picoeuk","KM1502",0.369390296626883,7,0.00103366891319492,0.00030050561314123,0.000618158595992261,0.0027983109535739,0.000813517885784551,0.00361182883935845,0.00198479306778935,3,2015-03-25,84,"2015",34.4611750909495,18.125493076805,0.118620459017989,0.0100993620057022,0.239860272725773
"32","2015-03-25","prochloro","KM1502",0.0262543374509132,7,0.000427610350013165,7.11100910573411e-06,7.28461930812304e-273,0.0162872268558539,0.000270850830611487,0.0165580776864654,0.0160163760252424,3,2015-03-25,84,"2015",34.4611750909495,18.125493076805,0.118620459017989,0.0100993620057022,0.239860272725773
"33","2015-03-25","synecho","KM1502",0.131782439368178,7,0.00299928816989512,3.32053956785171e-05,0,0.0227593917996586,0.00025197132362793,0.0230113631232866,0.0225074204760307,3,2015-03-25,84,"2015",34.4611750909495,18.125493076805,0.118620459017989,0.0100993620057022,0.239860272725773
"34","2015-03-26","picoeuk","KM1502",0.431756163590883,7,0.00738011103544322,0.000262498866011933,5.19689369039191e-110,0.0170932384011925,0.00060797942947415,0.0177012178306666,0.0164852589717183,3,2015-03-26,85,"2015",34.9782043345569,19.3506137758344,NA,NA,NA
"35","2015-03-26","prochloro","KM1502",0.0261617526720052,7,0.00062898243730877,1.23049325845797e-05,8.07643142554058e-216,0.0240420603770107,0.000470340528742433,0.0245124009057531,0.0235717198482682,3,2015-03-26,85,"2015",34.9782043345569,19.3506137758344,NA,NA,NA
"36","2015-03-26","synecho","KM1502",0.136081975759581,7,0.00335832617281514,7.82767718439058e-05,3.21850246882986e-181,0.0246786993947559,0.0005752177788938,0.0252539171736497,0.0241034816158621,3,2015-03-26,85,"2015",34.9782043345569,19.3506137758344,NA,NA,NA
"37","2015-03-27","synecho","KM1502",0.131790999826109,7,0.00384052218976173,8.18620594573576e-05,4.19430029616089e-190,0.0291410050369835,0.000621150606379573,0.0297621556433631,0.028519854430604,3,2015-03-27,86,"2015",35.3947880829475,21.429214618717,NA,NA,NA
"38","2015-03-27","picoeuk","KM1502",0.493049774643322,7,0.0197439300221683,0.000391982012666793,2.19493995387398e-203,0.0400444965956049,0.000795015093456553,0.0408395116890615,0.0392494815021484,3,2015-03-27,86,"2015",35.3947880829475,21.429214618717,NA,NA,NA
"39","2015-03-27","prochloro","KM1502",0.0255314777550209,7,0.0009790505241262,1.35188531665914e-05,9.4561003061474e-276,0.0383468020739092,0.000529497481356436,0.0388762995552656,0.0378173045925527,3,2015-03-27,86,"2015",35.3947880829475,21.429214618717,NA,NA,NA
"40","2015-03-28","synecho","KM1502",0.122794586804916,6,0.00532674493134174,7.63647698649132e-05,5.42680205914823e-286,0.0433793139416181,0.000621890360576185,0.0440012043021943,0.0427574235810419,3,2015-03-28,87,"2015",35.3240330517492,22.8266139838658,0.118507580974555,1.92369146705995e-05,0.323700228119019
"41","2015-03-28","picoeuk","KM1502",0.570998890355206,6,0.026577295559834,0.000733896260983911,1.22371240527819e-151,0.0465452665648805,0.00128528491627605,0.0478305514811565,0.0452599816486044,3,2015-03-28,87,"2015",35.3240330517492,22.8266139838658,0.118507580974555,1.92369146705995e-05,0.323700228119019
"42","2015-03-28","prochloro","KM1502",0.0268643336243721,6,0.00138963250822992,3.14622735242335e-05,1.29176732678943e-188,0.0517277862782796,0.00117115406487098,0.0528989403431506,0.0505566322134087,3,2015-03-28,87,"2015",35.3240330517492,22.8266139838658,0.118507580974555,1.92369146705995e-05,0.323700228119019
"43","2016-04-20","prochloro","Gradients 1",0.0192014713728316,6,0.000634254353352664,1.34038261672164e-05,3.57638402479471e-187,0.033031549563961,0.000698062450890179,0.0337296120148512,0.0323334871130708,4,2016-04-20,111,"2016",34.9651787130599,24.2923963923775,NA,NA,NA
"44","2016-04-20","synecho","Gradients 1",0.0795875879425908,6,0.00124257315686079,2.30672433281132e-05,8.76453184273924e-211,0.0156126500247388,0.000289834683075864,0.0159024847078146,0.0153228153416629,4,2016-04-20,111,"2016",34.9651787130599,24.2923963923775,NA,NA,NA
"45","2016-04-20","picoeuk","Gradients 1",0.692936717033096,6,0.0441103233980153,0.000189794863622842,0,0.0636570733138224,0.000273899273855013,0.0639309725876775,0.0633831740399674,4,2016-04-20,111,"2016",34.9651787130599,24.2923963923775,NA,NA,NA
"46","2016-04-21","synecho","Gradients 1",0.0830558465294983,6,0.00157404026978599,8.35103297580168e-05,2.54863666740887e-60,0.0189515890278351,0.00100547201970131,0.0199570610475364,0.0179461170081338,4,2016-04-21,112,"2016",35.2746571491228,22.6867821710526,1.25037373739221,0.00132509981674654,0.0617278195146151
"47","2016-04-21","picoeuk","Gradients 1",0.612958971134688,6,0.0137921763012236,0.000563905421696698,1.41028345202089e-87,0.0225009779621824,0.000919972540173149,0.0234209505023555,0.0215810054220092,4,2016-04-21,112,"2016",35.2746571491228,22.6867821710526,1.25037373739221,0.00132509981674654,0.0617278195146151
"48","2016-04-21","prochloro","Gradients 1",0.0194572456008238,6,0.000895541278468109,2.45207680388582e-05,1.88202301117177e-143,0.0460261075406373,0.00126023839868784,0.0472863459393251,0.0447658691419494,4,2016-04-21,112,"2016",35.2746571491228,22.6867821710526,1.25037373739221,0.00132509981674654,0.0617278195146151
"49","2016-04-22","picoeuk","Gradients 1",0.636251587161818,6,0.0256816050301292,0.000233480714246499,0,0.0403639150743645,0.000366962879083738,0.0407308779534482,0.0399969521952808,4,2016-04-22,113,"2016",35.2015641686016,20.7491367318111,NA,NA,0.145331955888576
"50","2016-04-22","prochloro","Gradients 1",0.0232688706037652,6,0.000189275730978119,1.72907457310188e-05,3.72035065629039e-25,0.00813428954938157,0.000743084871863996,0.00887737442124556,0.00739120467751757,4,2016-04-22,113,"2016",35.2015641686016,20.7491367318111,NA,NA,0.145331955888576
"51","2016-04-23","picoeuk","Gradients 1",0.526891569519948,7,0.0201903192534661,0.000335605240001133,4.86664803190142e-250,0.0383196855319995,0.000636953140675421,0.0389566386726749,0.0376827323913241,4,2016-04-23,114,"2016",35.1690133991228,20.2210196600877,NA,NA,0.0809579427316544
"52","2016-04-23","prochloro","Gradients 1",0.0174388827743737,7,0.000281332359950108,1.27000497279079e-05,4.80242280034177e-79,0.0161324761218949,0.000728260513716536,0.0168607366356114,0.0154042156081783,4,2016-04-23,114,"2016",35.1690133991228,20.2210196600877,NA,NA,0.0809579427316544
"53","2016-04-23","synecho","Gradients 1",0.0904283827708447,7,0.000554043050955116,2.82872935723914e-05,8.40887817517985e-66,0.00612687116565073,0.000312814325609189,0.00643968549125992,0.00581405684004154,4,2016-04-23,114,"2016",35.1690133991228,20.2210196600877,NA,NA,0.0809579427316544
"54","2016-04-24","synecho","Gradients 1",0.0851264947196948,7,0.00241359896114172,2.72361542399721e-05,0,0.028353087591463,0.00031994920417733,0.0286730367956403,0.0280331383872857,4,2016-04-24,115,"2016",34.8265755017108,17.7172440413327,NA,NA,0.04220458288399
"55","2016-04-24","picoeuk","Gradients 1",0.358365600941301,7,0.0219076009982915,0.000240701427842394,0,0.0611319862753232,0.000671664432105526,0.0618036507074287,0.0604603218432177,4,2016-04-24,115,"2016",34.8265755017108,17.7172440413327,NA,NA,0.04220458288399
"56","2016-04-24","prochloro","Gradients 1",0.0257727949387166,7,0.000873338355430961,9.97646021584682e-06,0,0.0338860553350001,0.0003870926781348,0.0342731480131349,0.0334989626568653,4,2016-04-24,115,"2016",34.8265755017108,17.7172440413327,NA,NA,0.04220458288399
"57","2016-04-25","picoeuk","Gradients 1",0.36603050575344,7,0.00207652504256263,0.000290315514028974,2.60558834421982e-12,0.00567309284314512,0.000793145679023081,0.0064662385221682,0.00487994716412204,4,2016-04-25,116,"2016",34.4535930353457,15.5618323395575,4.42647958219395,1.16277025404379,0.285361008617704
"58","2016-04-26","picoeuk","Gradients 1",0.269694528123919,7,0.0140903263032718,0.000366292606478524,5.0149833021781e-161,0.0522455030930312,0.00135817589265371,0.0536036789856849,0.0508873272003775,4,2016-04-26,117,"2016",34.1068272180471,12.507440538847,NA,NA,0.413850322174971
"59","2016-04-26","prochloro","Gradients 1",0.0358115424087134,7,0.000236648750898098,1.81442863320637e-05,3.07732190613414e-34,0.00660816974028234,0.000506660286367587,0.00711483002664993,0.00610150945391476,4,2016-04-26,117,"2016",34.1068272180471,12.507440538847,NA,NA,0.413850322174971
"60","2016-04-26","synecho","Gradients 1",0.0937011629864547,7,0.00276421758470384,4.42982017607407e-05,6.07022079744805e-258,0.0295003551354365,0.000472760426326239,0.0299731155617628,0.0290275947091103,4,2016-04-26,117,"2016",34.1068272180471,12.507440538847,NA,NA,0.413850322174971
"61","2016-04-27","picoeuk","Gradients 1",0.20502429372567,7,0.00754200564993636,6.26214064308614e-05,0,0.0367859121125803,0.000305434079507919,0.0370913461920882,0.0364804780330724,4,2016-04-27,118,"2016",34.1599976619928,12.0613562576673,NA,NA,0.485536717968438
"62","2016-04-27","prochloro","Gradients 1",0.0382720008576177,7,0.000244129938642479,6.76856542829938e-06,1.15703852114045e-149,0.00637881305319544,0.000176854234861676,0.00655566728805712,0.00620195881833377,4,2016-04-27,118,"2016",34.1599976619928,12.0613562576673,NA,NA,0.485536717968438
"63","2016-04-27","synecho","Gradients 1",0.0801767760529493,7,0.00113791391368764,1.41828667765253e-05,4.05252190821521e-314,0.0141925626061112,0.000176894949818871,0.0143694575559301,0.0140156676562923,4,2016-04-27,118,"2016",34.1599976619928,12.0613562576673,NA,NA,0.485536717968438
"64","2016-04-28","picoeuk","Gradients 1",0.37360386725686,7,0.0181243065388339,0.000331047668755014,3.15233646998239e-181,0.0485120956373106,0.000886092724857722,0.0493981883621684,0.0476260029124529,4,2016-04-28,119,"2016",34.1908953782786,13.042927143316,9.36590339608596,5.6727858940795,0.465783011913397
"65","2016-04-28","synecho","Gradients 1",0.0785643445438149,7,0.00197018307071075,6.20611766544873e-05,1.97775763292611e-108,0.0250773182434176,0.000789940742392067,0.0258672589858096,0.0242873775010255,4,2016-04-28,119,"2016",34.1908953782786,13.042927143316,9.36590339608596,5.6727858940795,0.465783011913397
"66","2016-04-29","picoeuk","Gradients 1",0.348664943686188,7,0.00275274724147101,0.000167293562382857,2.21342134495843e-49,0.00789510758485829,0.000479811823391765,0.00837491940825005,0.00741529576146652,4,2016-04-29,120,"2016",34.3289617022023,13.9627308089352,NA,NA,0.393644747145237
"67","2016-04-29","synecho","Gradients 1",0.0808759518308162,7,0.000871148136695831,5.1728482314509e-05,3.23538310942886e-51,0.0107714112412325,0.000639602763782235,0.0114110140050147,0.0101318084774503,4,2016-04-29,120,"2016",34.3289617022023,13.9627308089352,NA,NA,0.393644747145237
"68","2016-04-29","prochloro","Gradients 1",0.0319456809708613,7,0.000632469384212306,1.87781080570473e-05,2.1146850427846e-133,0.0197982752281662,0.000587813672658142,0.0203860889008244,0.0192104615555081,4,2016-04-29,120,"2016",34.3289617022023,13.9627308089352,NA,NA,0.393644747145237
"69","2016-04-30","picoeuk","Gradients 1",0.407473966826301,7,0.0145024480423131,0.000258841038471149,7.06636290226552e-235,0.0355911032924842,0.000635233314381257,0.0362263366068654,0.0349558699781029,4,2016-04-30,121,"2016",34.5329873882009,16.0881665881206,4.74382298648212,0.999613587913195,0.130894172436675
"70","2016-04-30","synecho","Gradients 1",0.0992005809563486,7,0.00107727403798923,2.30547834227387e-05,9.07285282485015e-198,0.0108595537203887,0.00023240572989067,0.0110919594502793,0.010627147990498,4,2016-04-30,121,"2016",34.5329873882009,16.0881665881206,4.74382298648212,0.999613587913195,0.130894172436675
"71","2016-05-01","picoeuk","Gradients 1",0.667140826300744,7,0.0550503025644264,0.000713814912816797,4.25220201838762e-305,0.082516764668229,0.00106996137048733,0.0835867260387164,0.0814468032977417,5,2016-05-01,122,"2016",35.091077743243,20.3280504540833,2.0069654955159,0.00783774224539899,0.0237626704167531
"72","2016-05-01","synecho","Gradients 1",0.0898822081747792,7,0.00218092855366386,2.4748315766895e-05,0,0.0242642965493568,0.000275341652919464,0.0245396382022762,0.0239889548964373,5,2016-05-01,122,"2016",35.091077743243,20.3280504540833,2.0069654955159,0.00783774224539899,0.0237626704167531
"73","2016-05-01","prochloro","Gradients 1",0.0206214017322354,7,0.0012626070404776,1.01279044664883e-05,0,0.0612279929789589,0.000491135597763772,0.0617191285767226,0.0607368573811951,5,2016-05-01,122,"2016",35.091077743243,20.3280504540833,2.0069654955159,0.00783774224539899,0.0237626704167531
"74","2016-05-02","picoeuk","Gradients 1",0.749460097364486,7,0.0817438051785148,0.00120718242331404,6.96556109901481e-276,0.109070256663391,0.00161073608529548,0.110680992748687,0.107459520578096,5,2016-05-02,123,"2016",35.0848534268038,23.3489986235273,NA,NA,NA
"75","2016-05-02","prochloro","Gradients 1",0.0199588546790449,7,0.00136508650016375,1.69740250180243e-05,1.16076983018209e-314,0.0683950317849135,0.000850450854569603,0.0692454826394831,0.0675445809303439,5,2016-05-02,123,"2016",35.0848534268038,23.3489986235273,NA,NA,NA
"76","2016-05-02","synecho","Gradients 1",0.085518382876504,7,0.00295411217939985,2.24384592856492e-05,0,0.0345435926175761,0.000262381707077557,0.0348059743246536,0.0342812109104985,5,2016-05-02,123,"2016",35.0848534268038,23.3489986235273,NA,NA,NA
"77","2016-05-03","picoeuk","Gradients 1",0.832850596238035,7,0.0863468004982457,0.00114050199873962,6.64931928335709e-301,0.103676218625852,0.00136939566819215,0.105045614294044,0.10230682295766,5,2016-05-03,124,"2016",35.1527765046296,24.0386402546296,1.61969525237675,0.00090226243546267,0.0242733523867572
"78","2016-05-03","prochloro","Gradients 1",0.0162961008314003,7,0.00103313758617865,1.34695126554617e-05,7.37444407201203e-304,0.0633978395732518,0.000826548190565182,0.064224387763817,0.0625712913826866,5,2016-05-03,124,"2016",35.1527765046296,24.0386402546296,1.61969525237675,0.00090226243546267,0.0242733523867572
"79","2016-05-03","synecho","Gradients 1",0.076048008637562,7,0.00191521075818098,1.87949269035999e-05,0,0.0251842328614902,0.000247145549769421,0.0254313784112597,0.0249370873117208,5,2016-05-03,124,"2016",35.1527765046296,24.0386402546296,1.61969525237675,0.00090226243546267,0.0242733523867572
"80","2017-05-29","synecho","Gradients 2",0.0970410570997001,6,0.00227479234597202,0.00011942033759,2.30894791389532e-56,0.0234415454031472,0.00123061661897714,0.0246721620221243,0.02221092878417,5,2017-05-29,149,"2017",34.17922224441,25.3743195090299,NA,NA,NA
"81","2017-05-29","prochloro","Gradients 2",0.0185197474376312,6,0.000241930436983076,4.10718033684723e-05,8.88468833974954e-09,0.0130633766900884,0.00221773020970126,0.0152811068997897,0.0108456464803871,5,2017-05-29,149,"2017",34.17922224441,25.3743195090299,NA,NA,NA
"82","2017-05-29","picoeuk","Gradients 2",0.747076301557387,6,0.0568937441717261,0.000924118577471453,1.55051604921933e-192,0.0761551986766585,0.00123698017932706,0.0773921788559856,0.0749182184973314,5,2017-05-29,149,"2017",34.17922224441,25.3743195090299,NA,NA,NA
"83","2017-05-31","prochloro","Gradients 2",0.0292877172773869,7,0.00282156851537728,5.65481819479613e-05,2.7089558770376e-192,0.096339652853581,0.001930781474445,0.0982704343280259,0.094408871379136,5,2017-05-31,151,"2017",32.7641168766546,20.3243568514957,4.00222891628793,0.00345868652640548,0.0756498816644051
"84","2017-05-31","synecho","Gradients 2",0.130752021271434,7,0.0022605499314513,0.000217098974989813,4.93131040062044e-23,0.0172888335451313,0.00166038714261347,0.0189492206877448,0.0156284464025178,5,2017-05-31,151,"2017",32.7641168766546,20.3243568514957,4.00222891628793,0.00345868652640548,0.0756498816644051
"85","2017-05-31","picoeuk","Gradients 2",0.941022139674643,7,0.0364944622043918,0.00873987155925152,3.52843722833814e-05,0.0387817253874704,0.00928763648671786,0.0480693618741882,0.0294940889007525,5,2017-05-31,151,"2017",32.7641168766546,20.3243568514957,4.00222891628793,0.00345868652640548,0.0756498816644051
"86","2017-06-01","synecho","Gradients 2",0.1366282772703,7,0.00179373484923884,0.000224837333564727,1.11027957445405e-14,0.0131285769320665,0.00164561347077456,0.014774190402841,0.0114829634612919,6,2017-06-01,152,"2017",32.1251364005547,16.3653620117458,5.01265372401221,0.507556921179041,0.179842962723858
"87","2017-06-01","picoeuk","Gradients 2",0.417826183077336,7,0.0207062405891722,0.00041348018204045,2.77602853991935e-192,0.0495570680531997,0.000989598543095417,0.0505466665962951,0.0485674695101043,6,2017-06-01,152,"2017",32.1251364005547,16.3653620117458,5.01265372401221,0.507556921179041,0.179842962723858
"88","2017-06-01","prochloro","Gradients 2",0.035893776964969,7,0.000914902017506486,3.93806411406911e-05,1.80765657637674e-80,0.0254891542452998,0.00109714397509978,0.0265862982203996,0.0243920102702001,6,2017-06-01,152,"2017",32.1251364005547,16.3653620117458,5.01265372401221,0.507556921179041,0.179842962723858
"89","2017-06-02","picoeuk","Gradients 2",0.591638158549004,7,0.0139131022272859,0.000486315806938593,1.50284076565605e-112,0.0235162354324946,0.000821981814241471,0.024338217246736,0.0226942536182531,6,2017-06-02,153,"2017",31.468981970747,13.3366117257067,3.29559013532256,1.36716277097193,0.358264018569595
"90","2017-06-02","synecho","Gradients 2",0.110497653482873,7,0.00702480489602377,9.19244763224507e-05,5.08180328315085e-303,0.0635742450142851,0.000831913379379577,0.0644061583936646,0.0627423316349055,6,2017-06-02,153,"2017",31.468981970747,13.3366117257067,3.29559013532256,1.36716277097193,0.358264018569595
"91","2017-06-02","prochloro","Gradients 2",0.0340000614486858,7,0.000270687834905451,2.47372338865291e-05,1.92612006744844e-25,0.00796139252024541,0.000727564387607461,0.00868895690785287,0.00723382813263795,6,2017-06-02,153,"2017",31.468981970747,13.3366117257067,3.29559013532256,1.36716277097193,0.358264018569595
"92","2017-06-03","picoeuk","Gradients 2",0.658201014369989,7,0.0203908453532235,0.000442662967835638,2.23897299643553e-198,0.0309796626076929,0.000672534618104991,0.0316521972257979,0.0303071279895879,6,2017-06-03,154,"2017",29.6857158243561,11.1985834861924,1.91691616269745,1.991021221396,0.510392214750087
"93","2017-06-03","prochloro","Gradients 2",0.0353938899276295,7,0.000231696469880271,5.47283847599144e-06,1.16769815182795e-181,0.00654622790413898,0.000154626645649344,0.00670085454978832,0.00639160125848963,6,2017-06-03,154,"2017",29.6857158243561,11.1985834861924,1.91691616269745,1.991021221396,0.510392214750087
"94","2017-06-03","synecho","Gradients 2",0.13253973786444,7,0.00177088405119386,2.40040389147503e-05,1.40350208624448e-301,0.0133611555275981,0.00018110824196213,0.0135422637695602,0.0131800472856359,6,2017-06-03,154,"2017",29.6857158243561,11.1985834861924,1.91691616269745,1.991021221396,0.510392214750087
"95","2017-06-04","prochloro","Gradients 2",0.0485940081655955,7,0.000553560357188543,4.93962987864561e-05,9.84302432645e-25,0.0113915352547614,0.00101651007297292,0.0124080453277343,0.0103750251817885,6,2017-06-04,155,"2017",29.3264054902352,12.2650474608157,NA,NA,NA
"96","2017-06-04","synecho","Gradients 2",0.10075238551015,7,0.00297322808379616,8.94789262165874e-05,1.16236579244867e-104,0.0295102499930052,0.000888107271738726,0.030398357264744,0.0286221427212665,6,2017-06-04,155,"2017",29.3264054902352,12.2650474608157,NA,NA,NA
"97","2017-06-04","picoeuk","Gradients 2",0.711635613758227,7,0.0835443813941856,0.00102102266225507,2.39290323012289e-213,0.117397695926119,0.00143475486964871,0.118832450795768,0.115962941056471,6,2017-06-04,155,"2017",29.3264054902352,12.2650474608157,NA,NA,NA
"98","2017-06-05","picoeuk","Gradients 2",0.382508635274879,7,0.00587685116844979,0.000846513734416957,1.0460728195605e-11,0.0153639699250882,0.00221305784066452,0.0175770277657527,0.0131509120844237,6,2017-06-05,156,"2017",29.486106013002,14.65140654873,5.13918007394101,0.00926319323060361,0.141208497017208
"99","2017-06-05","prochloro","Gradients 2",0.0377391837796321,7,0.000436171520173651,7.19152021190262e-06,8.70665235627878e-252,0.0115575239443587,0.000190558445935015,0.0117480823902937,0.0113669654984237,6,2017-06-05,156,"2017",29.486106013002,14.65140654873,5.13918007394101,0.00926319323060361,0.141208497017208
"100","2017-06-05","synecho","Gradients 2",0.11084586702188,7,0.00575323998827938,9.012220214841e-05,6.57398741765282e-263,0.0519030627199093,0.000813040707513438,0.0527161034274228,0.0510900220123959,6,2017-06-05,156,"2017",29.486106013002,14.65140654873,5.13918007394101,0.00926319323060361,0.141208497017208
"101","2017-06-06","prochloro","Gradients 2",0.0354006359647541,7,0.000263988060898472,5.15222699111416e-06,2.6429387021174e-216,0.0074571558872927,0.000145540520691319,0.00760269640798402,0.00731161536660138,6,2017-06-06,157,"2017",33.4939993250511,16.2705714269669,4.33704654894027,0.00372688327241853,0.102080639946996
"102","2017-06-06","synecho","Gradients 2",0.0973269074311008,7,0.00225926146155824,2.26982209798027e-05,0,0.0232131228782504,0.000233216297310906,0.0234463391755613,0.0229799065809395,6,2017-06-06,157,"2017",33.4939993250511,16.2705714269669,4.33704654894027,0.00372688327241853,0.102080639946996
"103","2017-06-07","picoeuk","Gradients 2",0.309578910688701,7,0.0347829191476239,0.000802308573449393,3.29261888362232e-183,0.112355583493218,0.00259161249603388,0.114947195989252,0.109763970997184,6,2017-06-07,158,"2017",34.015423856747,16.4087854113792,4.41976028982888,0.00422254423566201,0.0926455149742415
"104","2017-06-07","prochloro","Gradients 2",0.0339307503534481,7,0.000126326301354507,1.50955822028325e-05,4.46351394503998e-16,0.00372306241502466,0.000444893851317335,0.004167956266342,0.00327816856370733,6,2017-06-07,158,"2017",34.015423856747,16.4087854113792,4.41976028982888,0.00422254423566201,0.0926455149742415
"105","2017-06-07","synecho","Gradients 2",0.0955032477955512,7,0.000388438382129226,0.000119510755075207,0.0012205925612533,0.00406727929254067,0.00125137896180296,0.00531865825434363,0.00281590033073772,6,2017-06-07,158,"2017",34.015423856747,16.4087854113792,4.41976028982888,0.00422254423566201,0.0926455149742415
"106","2017-06-08","picoeuk","Gradients 2",0.448205400191696,6,0.0152917413440201,0.00039014555798057,7.60208720940389e-152,0.0341177088394737,0.000870461529052764,0.0349881703685264,0.0332472473104209,6,2017-06-08,159,"2017",34.2070075774187,17.1298261582193,NA,NA,NA
"107","2017-06-08","synecho","Gradients 2",0.114579197892003,6,0.00117117680842954,4.5322805520169e-05,5.62095454547989e-93,0.0102215483261931,0.000395558760700074,0.0106171070868931,0.00982598956549298,6,2017-06-08,159,"2017",34.2070075774187,17.1298261582193,NA,NA,NA
"108","2017-06-08","prochloro","Gradients 2",0.0225966303324328,6,0.000723935836654168,8.70307845268587e-06,1.19772312200878e-287,0.0320373359215028,0.000385149392836435,0.0324224853143392,0.0316521865286663,6,2017-06-08,159,"2017",34.2070075774187,17.1298261582193,NA,NA,NA
"109","2017-06-09","picoeuk","Gradients 2",0.711672284027574,7,0.056752097387034,0.00307514132271757,4.68880390873853e-60,0.0797447064621602,0.00432100756448515,0.0840657140266454,0.0754236988976751,6,2017-06-09,160,"2017",34.2218108980567,17.909148519886,3.89518103840375,0.00199335527126077,0.0812978571714996
"110","2017-06-09","prochloro","Gradients 2",0.0245761087842778,7,0.000444743851387623,2.37713272566184e-05,2.43680326735886e-61,0.0180965935368964,0.000967253500758663,0.019063847037655,0.0171293400361377,6,2017-06-09,160,"2017",34.2218108980567,17.909148519886,3.89518103840375,0.00199335527126077,0.0812978571714996
"111","2017-06-09","synecho","Gradients 2",0.108833836043654,7,0.00445506769002891,0.000143307485636675,3.77980772051912e-125,0.0409345829567376,0.00131675488842637,0.042251337845164,0.0396178280683112,6,2017-06-09,160,"2017",34.2218108980567,17.909148519886,3.89518103840375,0.00199335527126077,0.0812978571714996
"112","2017-06-10","prochloro","Gradients 2",0.0176443437877538,7,0.000524347916291932,8.22101840032395e-06,1.02908643841535e-262,0.0297176207060678,0.000465929393533457,0.0301835500996013,0.0292516913125344,6,2017-06-10,161,"2017",34.7881437408139,20.6646394667689,3.64184927734208,0.00210303805202672,0.057456464830909
"113","2017-06-10","synecho","Gradients 2",0.0983513749779864,7,0.00218622803292595,3.95944898859056e-05,8.38321078325649e-232,0.0222287490481479,0.000402581965882713,0.0226313310140306,0.0218261670822652,6,2017-06-10,161,"2017",34.7881437408139,20.6646394667689,3.64184927734208,0.00210303805202672,0.057456464830909
"114","2017-06-10","picoeuk","Gradients 2",0.792103279525753,7,0.0752147878124056,0.00103473064605975,1.02586407038066e-291,0.0949557838687881,0.001306307741434,0.0962620916102221,0.0936494761273541,6,2017-06-10,161,"2017",34.7881437408139,20.6646394667689,3.64184927734208,0.00210303805202672,0.057456464830909
"115","2017-06-11","picoeuk","Gradients 2",0.887986962262613,7,0.119779289932395,0.00165880159780302,3.20626591815692e-290,0.134888568214104,0.00186804724427074,0.136756615458375,0.133020520969833,6,2017-06-11,162,"2017",35.230637699353,22.9557633326618,2.48218253767709,0.0025904148562293,0.0359332441041995
"116","2017-06-11","prochloro","Gradients 2",0.0179118630553736,7,0.000743374393295654,1.04901541551884e-05,5.2363277464055e-286,0.0415017907962756,0.000585653994939475,0.0420874447912151,0.0409161368013361,6,2017-06-11,162,"2017",35.230637699353,22.9557633326618,2.48218253767709,0.0025904148562293,0.0359332441041995
"117","2017-06-11","synecho","Gradients 2",0.0990977413019441,7,0.00263155009061675,4.17898887126546e-05,6.34221136711275e-260,0.0265550965747907,0.000421703745853537,0.0269768003206442,0.0261333928289371,6,2017-06-11,162,"2017",35.230637699353,22.9557633326618,2.48218253767709,0.0025904148562293,0.0359332441041995
"118","2017-06-12","picoeuk","Gradients 2",0.938429443726516,7,0.103687069036644,0.00146694558674152,1.96524588167994e-285,0.110489999786134,0.00156319220006168,0.112053191986195,0.108926807586072,6,2017-06-12,163,"2017",35.0753056779451,25.1077695847533,NA,NA,NA
"119","2017-06-12","prochloro","Gradients 2",0.0160725906875959,7,0.000778435171685904,8.82426890421987e-06,0,0.0484324641133719,0.000549025920944409,0.0489814900343163,0.0478834381924275,6,2017-06-12,163,"2017",35.0753056779451,25.1077695847533,NA,NA,NA
"120","2017-06-12","synecho","Gradients 2",0.0950874236582966,7,0.0013996083140532,3.93822442546738e-05,4.07345029456575e-147,0.0147191737898252,0.000414168801083482,0.0151333425909087,0.0143050049887417,6,2017-06-12,163,"2017",35.0753056779451,25.1077695847533,NA,NA,NA
"121","2017-08-04","synecho","KM1712",0.24741110002584,6,0.0155114741472495,0.000167183023475341,0,0.0626951423991465,0.000675729680106834,0.0633708720792533,0.0620194127190397,8,2017-08-04,216,"2017",35.0114973919889,27.7715983027245,NA,NA,NA
"122","2017-08-04","prochloro","KM1712",0.0333576011142012,6,0.0028059739845223,2.62235534360108e-05,0,0.0841179788353464,0.000786134271053644,0.0849041131064,0.0833318445642927,8,2017-08-04,216,"2017",35.0114973919889,27.7715983027245,NA,NA,NA
"123","2017-08-04","picoeuk","KM1712",0.776009430296599,6,0.131962841669526,0.00237573957369703,2.17708530843446e-247,0.170053141775724,0.00306148286469792,0.173114624640422,0.166991658911026,8,2017-08-04,216,"2017",35.0114973919889,27.7715983027245,NA,NA,NA
"124","2017-08-05","picoeuk","KM1712",1.01509281413316,6,0.13759829910494,0.00304166788952748,1.06571492806293e-209,0.135552431451741,0.00299644313030127,0.138548874582042,0.13255598832144,8,2017-08-05,217,"2017",35.0717983551557,27.6662792412711,0.123056873531467,1.69492321266573e-06,0.328541421581294
"125","2017-08-05","prochloro","KM1712",0.0330165326986652,6,0.00326151499285607,6.00227725749386e-05,5.82953629529214e-253,0.0987842976312266,0.00181796111429245,0.100602258745519,0.0969663365169341,8,2017-08-05,217,"2017",35.0717983551557,27.6662792412711,0.123056873531467,1.69492321266573e-06,0.328541421581294
"126","2017-08-05","synecho","KM1712",0.233577935240191,6,0.0103906694652006,0.000221746385987635,9.94525765541318e-218,0.0444848074134901,0.000949346460142354,0.0454341538736325,0.0435354609533478,8,2017-08-05,217,"2017",35.0717983551557,27.6662792412711,0.123056873531467,1.69492321266573e-06,0.328541421581294
"127","2017-08-07","prochloro","KM1712",0.027913440864506,7,0.00125767274234028,1.59495176208124e-05,0,0.0450561701957535,0.000571392029317797,0.0456275622250713,0.0444847781664357,8,2017-08-07,219,"2017",35.1636154658521,27.7863409229323,NA,NA,NA
"128","2017-08-07","synecho","KM1712",0.174778794329511,7,0.0121269222658418,0.000177350535800628,7.34721246863768e-296,0.0693844027953353,0.0010147142648568,0.0703991170601921,0.0683696885304785,8,2017-08-07,219,"2017",35.1636154658521,27.7863409229323,NA,NA,NA
"129","2017-08-07","picoeuk","KM1712",0.958958692120959,7,0.154220151283461,0.00200081281626691,0,0.16082043215268,0.00208644317289794,0.162906875325578,0.158733988979782,8,2017-08-07,219,"2017",35.1636154658521,27.7863409229323,NA,NA,NA
"130","2017-08-08","prochloro","KM1712",0.0256653414328326,7,0.000901325806669878,1.39856311694378e-05,1.4288652906482e-311,0.035118403120749,0.000544922856609519,0.0356633259773585,0.0345734802641395,8,2017-08-08,220,"2017",35.0728583424239,27.7693210532876,NA,NA,NA
"131","2017-08-08","synecho","KM1712",0.209444903783352,7,0.00252567024860577,9.33710102795189e-05,1.22257256029499e-113,0.0120588765970563,0.000445802254401477,0.0125046788514578,0.0116130743426548,8,2017-08-08,220,"2017",35.0728583424239,27.7693210532876,NA,NA,NA
"132","2017-08-08","picoeuk","KM1712",0.926373117802534,7,0.0798629886673309,0.00108583058218826,0,0.086210390967276,0.00117213092793968,0.0873825218952157,0.0850382600393364,8,2017-08-08,220,"2017",35.0728583424239,27.7693210532876,NA,NA,NA
"133","2017-08-09","picoeuk","KM1712",1.33065347083616,6,0.190045061780167,0.000798430618854946,0,0.142820851517973,0.000600028960472499,0.143420880478445,0.1422208225575,8,2017-08-09,221,"2017",35.0309239564006,27.6872894438789,0.11879085074974,1.80884262399521e-05,0.321784442155885
"134","2017-08-09","synecho","KM1712",0.213378333382186,6,0.00323130541490265,6.8437169124331e-05,1.76351483917581e-219,0.0151435497863553,0.000320731575880068,0.0154642813622354,0.0148228182104752,8,2017-08-09,221,"2017",35.0309239564006,27.6872894438789,0.11879085074974,1.80884262399521e-05,0.321784442155885
"135","2017-08-09","prochloro","KM1712",0.0297843542994929,6,0.00049652335793615,1.69868701049107e-05,2.85727040088753e-123,0.0166706101110476,0.00057032863409095,0.0172409387451386,0.0161002814769567,8,2017-08-09,221,"2017",35.0309239564006,27.6872894438789,0.11879085074974,1.80884262399521e-05,0.321784442155885
"136","2017-08-11","prochloro","KM1712",0.0292094525574873,7,0.00142651427733986,1.6784813815632e-05,0,0.0488374191379426,0.000574636370969218,0.0494120555089118,0.0482627827669734,8,2017-08-11,223,"2017",35.2707548609567,27.4468415335364,NA,NA,NA
"137","2017-08-11","synecho","KM1712",0.188843611464782,7,0.00598931054929462,9.68858905882204e-05,3.42844094508666e-293,0.0317157170572942,0.000513048282844818,0.032228765340139,0.0312026687744494,8,2017-08-11,223,"2017",35.2707548609567,27.4468415335364,NA,NA,NA
"138","2017-08-11","picoeuk","KM1712",0.597583246448211,7,0.0512322791152749,0.000663089289322505,0,0.0857324555528932,0.00110961827203764,0.0868420738249309,0.0846228372808556,8,2017-08-11,223,"2017",35.2707548609567,27.4468415335364,NA,NA,NA
"139","2017-08-12","synecho","KM1712",0.213989945122025,7,0.0098072236181927,0.000246211151874434,5.42752535546091e-193,0.0458303011041022,0.00115057346144949,0.0469808745655516,0.0446797276426527,8,2017-08-12,224,"2017",34.8353947258279,25.6050984796265,0.12966683554126,0.0503914431153622,0.253862029069746
"140","2017-08-12","picoeuk","KM1712",0.807837308050025,7,0.0211420322347832,0.00244448789353848,2.76712128275631e-17,0.0261711510772092,0.00302596558636174,0.029197116663571,0.0231451854908475,8,2017-08-12,224,"2017",34.8353947258279,25.6050984796265,0.12966683554126,0.0503914431153622,0.253862029069746
"141","2017-08-12","prochloro","KM1712",0.0331275122006076,7,0.00229107584778315,3.57195151764351e-05,1.07874293112978e-319,0.0691593088520885,0.00107824321247341,0.0702375520645619,0.0680810656396151,8,2017-08-12,224,"2017",34.8353947258279,25.6050984796265,0.12966683554126,0.0503914431153622,0.253862029069746
"142","2017-08-13","picoeuk","KM1712",0.494124048822836,7,0.0390003378399616,0.000821429491790904,5.80819786408816e-226,0.0789282325619914,0.00166239529071256,0.080590627852704,0.0772658372712789,8,2017-08-13,225,"2017",33.9311059841249,24.2142862784158,NA,NA,NA
"143","2017-08-13","prochloro","KM1712",0.0332603972960916,7,0.00150709399768889,1.17818742369299e-05,0,0.0453119661882689,0.000354231313957108,0.045666197502226,0.0449577348743118,8,2017-08-13,225,"2017",33.9311059841249,24.2142862784158,NA,NA,NA
"144","2017-08-13","synecho","KM1712",0.300196556083745,7,0.00605226722029813,5.33557976711533e-05,0,0.0201610148339269,0.000177736208460263,0.0203387510423871,0.0199832786254666,8,2017-08-13,225,"2017",33.9311059841249,24.2142862784158,NA,NA,NA
"145","2017-08-14","synecho","KM1712",0.313552567720742,7,0.00752531836133831,5.42422199897232e-05,0,0.0240001809458647,0.000172992427981112,0.0241731733738458,0.0238271885178836,8,2017-08-14,226,"2017",33.9424252774351,24.3704059737355,NA,NA,NA
"146","2017-08-14","picoeuk","KM1712",0.894478159332213,7,0.11025402460542,0.000517167390304611,0,0.123260722975877,0.000578177773161853,0.123838900749038,0.122682545202715,8,2017-08-14,226,"2017",33.9424252774351,24.3704059737355,NA,NA,NA
"147","2017-08-14","prochloro","KM1712",0.0338496166469409,7,0.00119253490778048,5.96986904111093e-06,0,0.0352303814905466,0.000176364450545423,0.035406745941092,0.0350540170400011,8,2017-08-14,226,"2017",33.9424252774351,24.3704059737355,NA,NA,NA
"148","2017-08-15","picoeuk","KM1712",0.718525729672484,7,0.0288738161879159,0.000730625377204359,4.64708530771289e-187,0.0401848047961722,0.00101683954663306,0.0412016443428052,0.0391679652495391,8,2017-08-15,227,"2017",34.0031269000585,24.3392538497167,NA,NA,NA
"149","2017-08-15","prochloro","KM1712",0.0343101182723195,7,0.00208747680838512,1.59517589035973e-05,0,0.0608414343493896,0.000464928706365514,0.0613063630557551,0.0603765056430241,8,2017-08-15,227,"2017",34.0031269000585,24.3392538497167,NA,NA,NA
"150","2017-08-15","synecho","KM1712",0.281560043301456,7,0.0192059566751007,0.000280841401873417,0,0.0682126499552266,0.000997447644134398,0.069210097599361,0.0672152023110923,8,2017-08-15,227,"2017",34.0031269000585,24.3392538497167,NA,NA,NA
"151","2017-08-17","picoeuk","KM1712",0.37400193966133,7,0.00989789734362707,0.000208576125205928,1.34093227940684e-196,0.0264648289059407,0.000557687282036024,0.0270225161879767,0.0259071416239047,8,2017-08-17,229,"2017",32.8172890358146,20.0373093784184,NA,NA,NA
"152","2017-08-17","synecho","KM1712",0.234652140967433,7,0.00271175873851334,0.000137482349323938,6.78924940743866e-66,0.011556505418332,0.00058589855075313,0.0121424039690851,0.0109706068675788,8,2017-08-17,229,"2017",32.8172890358146,20.0373093784184,NA,NA,NA
"153","2017-08-18","picoeuk","KM1712",0.363834406694822,7,0.00814503062824713,9.60616064634808e-05,6.09857977537029e-283,0.0223866420502639,0.000264025624558525,0.0226506676748225,0.0221226164257054,8,2017-08-18,230,"2017",32.7719968091271,20.0017715379653,NA,NA,NA
"154","2017-08-18","synecho","KM1712",0.25337811407605,7,0.00426984944241159,0.000124023961485236,2.1952273763514e-129,0.0168516900442712,0.000489481745246593,0.0173411717895178,0.0163622082990246,8,2017-08-18,230,"2017",32.7719968091271,20.0017715379653,NA,NA,NA
"155","2017-08-19","picoeuk","KM1712",0.358550812325313,7,0.00736716801564393,0.000124985488988528,1.18090892576078e-245,0.0205470682603271,0.00034858515081296,0.02089565341114,0.0201984831095141,8,2017-08-19,231,"2017",32.7746875919123,20.0879436485548,NA,NA,NA
"156","2017-08-20","picoeuk","KM1712",0.303152096183355,7,0.00396576147250481,0.000122108962925641,5.41304170133104e-130,0.0130817550742127,0.000402797686253789,0.0134845527604665,0.0126789573879589,8,2017-08-20,232,"2017",32.5740521697542,17.700095111093,0.161576320456655,6.22955283461242,0.768091846572894
"157","2017-08-20","synecho","KM1712",0.206861382241095,7,0.00341014954550121,0.000146287149168703,4.13103496215374e-84,0.0164851917189972,0.000707174764007943,0.0171923664830051,0.0157780169549892,8,2017-08-20,232,"2017",32.5740521697542,17.700095111093,0.161576320456655,6.22955283461242,0.768091846572894
"158","2017-08-21","synecho","KM1712",0.232738650487471,7,0.00238755471763347,7.58449139514174e-05,9.22749349948298e-133,0.0102585226503322,0.000325880182739568,0.0105844028330718,0.00993264246759265,8,2017-08-21,233,"2017",32.4789532304672,14.408283796104,0.205119304407642,9.60529340232375,1.01934433706238
"159","2017-08-21","picoeuk","KM1712",0.389039333091146,7,0.00879160771578322,0.00032527422414628,2.31143565930918e-108,0.0225982489891928,0.000836095984336044,0.0234343449735288,0.0217621530048567,8,2017-08-21,233,"2017",32.4789532304672,14.408283796104,0.205119304407642,9.60529340232375,1.01934433706238
"160","2017-08-22","synecho","KM1712",0.23984703398203,7,0.00216587855901061,8.27191439633701e-05,4.97718165953278e-100,0.00903024950132542,0.000344882913872379,0.0093751324151978,0.00868536658745304,8,2017-08-22,234,"2017",32.5525794335056,13.39017061053,NA,NA,NA
"161","2017-08-22","picoeuk","KM1712",0.442721745882283,7,0.00637705490671356,0.000244467759937844,1.60674973100914e-99,0.0144042052734612,0.000552192798776246,0.0149563980722375,0.013852012474685,8,2017-08-22,234,"2017",32.5525794335056,13.39017061053,NA,NA,NA
"162","2017-08-23","picoeuk","KM1712",0.478321022552371,7,0.00205234142976149,0.000405986291211676,6.03470095918745e-07,0.00429071969032426,0.000848773673055998,0.00513949336338026,0.00344194601726827,8,2017-08-23,235,"2017",32.5526506974823,13.2819495760867,NA,NA,NA
"163","2017-08-23","synecho","KM1712",0.249193281682588,7,0.000634770915281596,0.000120337747068467,1.97842195845239e-07,0.00254730348665716,0.00048290927530602,0.00303021276196318,0.00206439421135114,8,2017-08-23,235,"2017",32.5526506974823,13.2819495760867,NA,NA,NA
"164","2017-08-24","synecho","KM1712",0.281173431281587,7,0.00375528301964061,0.000104324810108198,2.56823069037678e-149,0.0133557534313397,0.000371033669976166,0.0137267871013159,0.0129847197613636,8,2017-08-24,236,"2017",32.5133628996576,13.626734589425,NA,NA,NA
"165","2017-08-24","picoeuk","KM1712",0.422566040582852,7,0.0115204512303034,0.000197747732968453,3.73880418949325e-243,0.0272630787235365,0.000467968823750476,0.0277310475472869,0.026795109899786,8,2017-08-24,236,"2017",32.5133628996576,13.626734589425,NA,NA,NA
"166","2017-08-26","picoeuk","KM1712",0.47846120937173,7,0.012240490045498,0.000335321553041765,8.35802747191806e-134,0.0255830353762034,0.00070083330993975,0.0262838686861432,0.0248822020662637,8,2017-08-26,238,"2017",32.4795645681794,13.6770462217973,NA,NA,NA
"167","2017-08-26","synecho","KM1712",0.300964591778337,7,0.0061283117364607,0.00010167442232596,8.01949124288758e-212,0.0203622349733893,0.000337828519046666,0.020700063492436,0.0200244064543427,8,2017-08-26,238,"2017",32.4795645681794,13.6770462217973,NA,NA,NA
"168","2017-08-27","synecho","KM1712",0.196586068232815,7,0.00538142654491223,0.00012202446879817,1.72816511770496e-186,0.0273744044696954,0.000620717784810961,0.0279951222545064,0.0267536866848844,8,2017-08-27,239,"2017",32.6351451401125,12.8250599081336,NA,NA,NA
"169","2017-08-27","picoeuk","KM1712",0.487105586949764,7,0.017481133490191,0.000313224950207459,4.69314285589848e-234,0.0358877704516943,0.000643032965745396,0.0365308034174397,0.0352447374859489,8,2017-08-27,239,"2017",32.6351451401125,12.8250599081336,NA,NA,NA
"170","2017-08-28","synecho","KM1712",0.321486582188594,7,0.0103648506377841,0.000672311953690606,5.26120097893177e-44,0.0322403833068956,0.0020912597630473,0.0343316430699429,0.0301491235438483,8,2017-08-28,240,"2017",32.5409499495115,13.9808403236469,0.208850794823781,10.3190524942777,1.04248302633704
"171","2017-08-29","synecho","KM1712",0.320325850071663,8,0.0122723795488412,0.000140661170043419,0,0.0383121735136133,0.000439119009633316,0.0387512925232466,0.03787305450398,8,2017-08-29,241,"2017",NA,14.3607125219298,NA,NA,NA
"172","2017-08-29","picoeuk","KM1712",0.298949165704973,8,0.0211620882087641,0.000264148918709518,0,0.0707882497643378,0.000883591422931754,0.0716718411872695,0.069904658341406,8,2017-08-29,241,"2017",NA,14.3607125219298,NA,NA,NA
"173","2017-09-06","picoeuk","KM1713",0.507732868976148,7,0.00633685600651687,0.000462308478006316,1.3223122038853e-32,0.0124806889482953,0.000910534862433802,0.0133912238107291,0.0115701540858615,9,2017-09-06,249,"2017",32.6376631200159,12.0583243680223,NA,NA,NA
"174","2017-09-07","picoeuk","KM1713",0.574648332095972,7,0.0098080060725772,0.00059039584576283,6.80263318076859e-51,0.0170678404943828,0.00102740374031787,0.0180952442347007,0.016040436754065,9,2017-09-07,250,"2017",32.6332171671761,12.0901061765683,NA,NA,NA
"175","2017-09-07","synecho","KM1713",0.21868361928862,7,0.00263032694803719,9.25194281076373e-05,1.24829569236107e-111,0.0120280017158746,0.000423074340952486,0.0124510760568271,0.0116049273749221,9,2017-09-07,250,"2017",32.6332171671761,12.0901061765683,NA,NA,NA
"176","2017-09-08","synecho","KM1713",0.197934694804722,7,0.0129990253394456,0.000301006924733179,5.98239304718197e-164,0.065673303774612,0.00152073857001243,0.0671940423446244,0.0641525652045996,9,2017-09-08,251,"2017",32.5778547129187,12.6574759662414,NA,NA,NA
"177","2017-09-08","picoeuk","KM1713",0.531216540360138,7,0.00544067654289528,0.000508250810273127,4.99512544791506e-24,0.0102419185577444,0.000956767667528873,0.0111986862252733,0.00928515089021553,9,2017-09-08,251,"2017",32.5778547129187,12.6574759662414,NA,NA,NA
"178","2017-09-10","synecho","KM1713",0.283406604090217,7,0.000962446662282276,7.72754201167562e-05,1.28349183018544e-30,0.00339599236006476,0.00027266626465824,0.00366865862472301,0.00312332609540652,9,2017-09-10,253,"2017",32.4227243615984,13.780122782208,0.224112637548041,10.4609203338667,1.09665254751667
"179","2017-09-11","picoeuk","KM1713",0.436256784995489,7,0.00820103804225163,0.000254330538746745,5.94121629800371e-131,0.0187986486957135,0.000582983571818545,0.0193816322675321,0.018215665123895,9,2017-09-11,254,"2017",32.4236593851215,13.8899888714575,0.223369724236134,10.438559373225,1.09504855672354
"180","2017-09-11","synecho","KM1713",0.28046778095846,7,0.00230499895861611,0.000144404660887298,9.79895777936274e-48,0.0082184090833503,0.000514870764812327,0.00873327984816262,0.00770353831853797,9,2017-09-11,254,"2017",32.4236593851215,13.8899888714575,0.223369724236134,10.438559373225,1.09504855672354
"181","2017-09-12","synecho","KM1713",0.229254692676735,7,0.00208219843298189,0.000110078252938462,3.37851775024645e-65,0.00908246809986978,0.000480157032570232,0.00956262513244001,0.00860231106729954,9,2017-09-12,255,"2017",32.4349348431382,13.9990550744809,0.210805260003329,9.86448260043578,1.04441236408149
"182","2017-09-12","picoeuk","KM1713",0.435930470364291,7,0.00938750337215165,0.000106402147769511,0,0.021534405163986,0.000244080547250103,0.0217784857112361,0.0212903246167359,9,2017-09-12,255,"2017",32.4349348431382,13.9990550744809,0.210805260003329,9.86448260043578,1.04441236408149
"183","2017-09-13","picoeuk","KM1713",0.428549341540087,7,0.00693497604355601,0.00011800678568113,0,0.0161824447533478,0.000275363357827237,0.016457808111175,0.0159070813955205,9,2017-09-13,256,"2017",32.515531685633,13.993461041963,0.204909293462805,9.25484454100862,0.992111708624145
"184","2017-09-13","synecho","KM1713",0.265242558593795,7,0.00463848009612919,4.89473715970915e-05,0,0.0174876917215716,0.000184538152009202,0.0176722298735808,0.0173031535695624,9,2017-09-13,256,"2017",32.515531685633,13.993461041963,0.204909293462805,9.25484454100862,0.992111708624145
"185","2017-09-14","picoeuk","KM1713",0.433703774640418,6,0.00504481731373622,0.00010302424398962,0,0.0116319423733834,0.00023754518640064,0.0118694875597841,0.0113943971869828,9,2017-09-14,257,"2017",32.5086168667231,14.0470654937853,0.203605012465931,9.13179773438162,0.982324397391677
"186","2017-09-14","synecho","KM1713",0.283445078102065,6,0.00590780461071788,6.17211414370721e-05,0,0.0208428548143304,0.000217753442220109,0.0210606082565505,0.0206251013721103,9,2017-09-14,257,"2017",32.5086168667231,14.0470654937853,0.203605012465931,9.13179773438162,0.982324397391677
"187","2017-09-15","picoeuk","KM1713",0.41482587491078,6,0.00274457275720002,0.000335539081575311,1.50239982050925e-15,0.00661620434788528,0.000808867290757788,0.00742507163864307,0.0058073370571275,9,2017-09-15,258,"2017",32.5060531137578,14.1563295616613,0.203605012465931,9.13179773438162,0.982324397391677
"188","2017-09-16","synecho","KM1713",0.174759486740099,6,0.000757263821006144,4.069836578229e-05,1.07120122718687e-68,0.00433317718615381,0.000232882154448167,0.00456605934060198,0.00410029503170564,9,2017-09-16,259,"2017",32.7332539419064,16.8069844552113,0.161397298905996,5.75846102599035,0.719232675590153
"189","2017-09-16","picoeuk","KM1713",0.281093235566916,6,0.00810772855954703,0.000105444780538494,0,0.0288435562783827,0.000375123863531721,0.0292186801419144,0.028468432414851,9,2017-09-16,259,"2017",32.7332539419064,16.8069844552113,0.161397298905996,5.75846102599035,0.719232675590153
"190","2017-09-17","picoeuk","KM1713",0.258484980215933,6,0.006077934466348,7.8342375549312e-05,0,0.0235136852488319,0.000303082892800449,0.0238167681416324,0.0232106023560315,9,2017-09-17,260,"2017",32.7872690689729,17.4096677891752,0.157550862192242,5.41985565095536,0.693193242333169
"191","2017-09-18","picoeuk","KM1713",0.247724679463204,6,0.01116972838256,0.000399876471963677,9.45019126599101e-82,0.0450892838241381,0.00161419715157235,0.0467034809757104,0.0434750866725657,9,2017-09-18,261,"2017",32.7846795645235,17.6631972703583,0.157550862192242,5.41985565095536,0.693193242333169
"192","2017-09-18","synecho","KM1713",0.15736650188986,6,0.00183002780797826,0.000184423226537694,5.35797135038231e-20,0.0116290810687212,0.0011719344607836,0.0128010155295048,0.0104571466079376,9,2017-09-18,261,"2017",32.7846795645235,17.6631972703583,0.157550862192242,5.41985565095536,0.693193242333169
"193","2017-09-19","prochloro","KM1713",0.0281147306202376,6,0.000729839455089693,1.63545187379517e-05,9.6918849868124e-241,0.0259593259116749,0.000581706400066994,0.0265410323117419,0.0253776195116079,9,2017-09-19,262,"2017",33.4694477079313,20.0260988856951,0.148442839588605,3.08532685519297,0.492623928253373
"194","2017-09-19","picoeuk","KM1713",0.479112562141618,6,0.0130439655792704,0.000309956101451079,4.85257985647099e-224,0.0272252631426825,0.000646937955593535,0.027872201098276,0.026578325187089,9,2017-09-19,262,"2017",33.4694477079313,20.0260988856951,0.148442839588605,3.08532685519297,0.492623928253373
"195","2017-09-20","picoeuk","KM1713",0.535485851006757,6,0.0149997987197372,0.000344962880409077,1.55735903981014e-295,0.0280115687305954,0.000644205406661107,0.0286557741372565,0.0273673633239343,9,2017-09-20,263,"2017",34.4565287896398,23.7921558771373,0.146304702998923,0.535840687284604,0.291041067233081
"196","2017-09-20","prochloro","KM1713",0.0294225354365864,6,0.000944523081719579,5.63839216080244e-06,0,0.032102028859997,0.00019163515574498,0.0322936640157419,0.031910393704252,9,2017-09-20,263,"2017",34.4565287896398,23.7921558771373,0.146304702998923,0.535840687284604,0.291041067233081
"197","2017-09-20","synecho","KM1713",0.180922897138203,6,0.00210059715315995,8.34450898911982e-05,1.64549469154671e-122,0.0116104549860007,0.000461219067410004,0.0120716740534107,0.0111492359185907,9,2017-09-20,263,"2017",34.4565287896398,23.7921558771373,0.146304702998923,0.535840687284604,0.291041067233081
"198","2017-09-21","picoeuk","KM1713",0.807117416490328,6,0.0890117341589096,0.000496652739854415,0,0.110283500690604,0.000615341373766981,0.110898842064371,0.109668159316837,9,2017-09-21,264,"2017",34.5900242743037,24.4790807325298,0.146092710603913,0.411808319090107,0.281738852941641
"199","2017-09-21","prochloro","KM1713",0.0324203512554682,6,0.00185476012902906,7.25924524665426e-06,0,0.0572097481120359,0.000223910135625994,0.0574336582476619,0.0569858379764099,9,2017-09-21,264,"2017",34.5900242743037,24.4790807325298,0.146092710603913,0.411808319090107,0.281738852941641
"200","2017-09-21","synecho","KM1713",0.232955209860317,6,0.0101120752995663,8.83810040650249e-05,0,0.0434078091905722,0.000379390545152518,0.0437871997357247,0.0430284186454197,9,2017-09-21,264,"2017",34.5900242743037,24.4790807325298,0.146092710603913,0.411808319090107,0.281738852941641
"201","2017-09-22","synecho","KM1713",0.182127807855321,6,0.00521130157541119,4.75421523826056e-05,0,0.0286134316158407,0.000261037306397342,0.028874468922238,0.0283523943094434,9,2017-09-22,265,"2017",34.5938885654319,24.5978697875662,0.146092710603913,0.411808319090107,0.281738852941641
"202","2017-09-22","prochloro","KM1713",0.0303189013161317,6,0.00153796288930763,1.64624443123675e-05,0,0.0507262078289535,0.000542976282046485,0.051269184111,0.050183231546907,9,2017-09-22,265,"2017",34.5938885654319,24.5978697875662,0.146092710603913,0.411808319090107,0.281738852941641
"203","2017-09-22","picoeuk","KM1713",0.604294893526956,6,0.0622479493282415,0.000791708567059438,0,0.103009226116296,0.00131013611986467,0.104319362236161,0.101699089996432,9,2017-09-22,265,"2017",34.5938885654319,24.5978697875662,0.146092710603913,0.411808319090107,0.281738852941641
"204","2017-09-23","prochloro","KM1713",0.0298273842946449,6,0.00119659147047352,2.0217548545441e-05,6.84510310983634e-256,0.0401172110384602,0.000677818354627589,0.0407950293930878,0.0394393926838326,9,2017-09-23,266,"2017",35.410132713054,26.706377159119,NA,NA,NA
"205","2017-09-23","synecho","KM1713",0.244142290667362,6,0.00370799720191534,0.000190492828942643,4.30321926890164e-66,0.0151878529188022,0.000780253304013539,0.0159681062228157,0.0144075996147886,9,2017-09-23,266,"2017",35.410132713054,26.706377159119,NA,NA,NA
"206","2017-09-23","picoeuk","KM1713",0.912008256887659,6,0.120886372926297,0.000869226831821802,0,0.132549647454769,0.000953090967386793,0.133502738422156,0.131596556487382,9,2017-09-23,266,"2017",35.410132713054,26.706377159119,NA,NA,NA
"207","2017-09-24","synecho","KM1713",0.246241362090282,6,0.0048599606125004,0.000169706585196024,1.31743125930821e-100,0.0197365729755773,0.000689187972952335,0.0204257609485296,0.0190473850026249,9,2017-09-24,267,"2017",35.2254034424951,28.0228405555556,NA,NA,NA
"208","2017-09-24","picoeuk","KM1713",1.2768440132995,6,0.125974425992457,0.00339553952992501,2.53908605828805e-134,0.0986607797666099,0.00265932212122808,0.101320101887838,0.0960014576453818,9,2017-09-24,267,"2017",35.2254034424951,28.0228405555556,NA,NA,NA
"209","2017-09-24","prochloro","KM1713",0.0312453835625183,6,0.00167497501325106,1.30874755710573e-05,0,0.0536071195893512,0.0004188610949477,0.0540259806842989,0.0531882584944035,9,2017-09-24,267,"2017",35.2254034424951,28.0228405555556,NA,NA,NA
"210","2017-09-25","picoeuk","KM1713",1.34865702321789,6,0.146152638325408,0.00124633454126509,0,0.108369018815983,0.000924130093721927,0.109293148909705,0.107444888722261,9,2017-09-25,268,"2017",35.1169586229532,27.7558371905214,NA,NA,NA
"211","2017-09-25","synecho","KM1713",0.260176169218794,6,0.011555481269307,9.25171575295357e-05,0,0.0444140649161049,0.000355594279857867,0.0447696591959628,0.0440584706362471,9,2017-09-25,268,"2017",35.1169586229532,27.7558371905214,NA,NA,NA
"212","2017-09-25","prochloro","KM1713",0.0327931836747649,6,0.00255653601771644,2.02932830884483e-05,0,0.0779593723827354,0.000618826256386459,0.0785781986391219,0.077340546126349,9,2017-09-25,268,"2017",35.1169586229532,27.7558371905214,NA,NA,NA
"213","2019-04-11","picoeuk","Gradients 3",0.747032810241414,6,0.0380097899814438,0.00134210372006357,1.65317984552469e-109,0.0508810181565658,0.00179657934921206,0.0526775975057779,0.0490844388073538,4,2019-04-11,101,"2019",35.3867102292765,22.5610988303262,1.255,NA,0.05075
"214","2019-04-11","prochloro","Gradients 3",0.0209591251471669,6,0.000403982931800655,2.29091278875947e-05,1.69943205282508e-55,0.019274799351788,0.00109303836523403,0.020367837717022,0.0181817609865539,4,2019-04-11,101,"2019",35.3867102292765,22.5610988303262,1.255,NA,0.05075
"215","2019-04-11","synecho","Gradients 3",0.0706629898920968,6,0.00171237474534788,7.56466794651851e-05,1.14397786778412e-80,0.0242329789322911,0.00107052757859098,0.0253035065108821,0.0231624513537001,4,2019-04-11,101,"2019",35.3867102292765,22.5610988303262,1.255,NA,0.05075
"216","2019-04-12","prochloro","Gradients 3",0.0213612713363824,6,0.000884152779048863,1.03449657561488e-05,0,0.0413904568284276,0.000484286051763658,0.0418747428801913,0.0409061707766639,4,2019-04-12,102,"2019",35.507505897464,20.3502798015547,1.755,NA,0.0345
"217","2019-04-12","synecho","Gradients 3",0.0705170941957259,6,0.00256387966694287,4.2258505259827e-05,2.14937216786795e-274,0.0363582716529217,0.000599266117553498,0.0369575377704752,0.0357590055353682,4,2019-04-12,102,"2019",35.507505897464,20.3502798015547,1.755,NA,0.0345
"218","2019-04-12","picoeuk","Gradients 3",0.492580297564428,6,0.0195463154942591,0.0002492145323817,0,0.0396814805442,0.000505936866768618,0.0401874174109686,0.0391755436774314,4,2019-04-12,102,"2019",35.507505897464,20.3502798015547,1.755,NA,0.0345
"219","2019-04-13","picoeuk","Gradients 3",0.495756799177649,6,0.00211495040339644,0.000576764839978069,0.000265819487297038,0.00426610468460479,0.00116340278324935,0.00542950746785414,0.00310270190135543,4,2019-04-13,103,"2019",35.1333743710862,18.242881416413,3.03,NA,0.0674
"220","2019-04-13","prochloro","Gradients 3",0.0248106639620775,6,0.000891223196121645,1.40496134224155e-05,1.05034817323975e-278,0.0359209732348904,0.000566273173659922,0.0364872464085503,0.0353547000612304,4,2019-04-13,103,"2019",35.1333743710862,18.242881416413,3.03,NA,0.0674
"221","2019-04-13","synecho","Gradients 3",0.0903554018983896,6,0.00145285393141783,3.9476583243724e-05,2.61409889999482e-160,0.0160793256506308,0.000436903410469226,0.0165162290611,0.0156424222401615,4,2019-04-13,103,"2019",35.1333743710862,18.242881416413,3.03,NA,0.0674
"222","2019-04-14","picoeuk","Gradients 3",0.294393427485854,6,0.0192206841699707,0.000208190631071834,0,0.0652891076207678,0.0007071850511399,0.0659962926719077,0.0645819225696279,4,2019-04-14,104,"2019",34.4036356060935,15.1119422285334,4.044,NA,0.1264
"223","2019-04-14","prochloro","Gradients 3",0.0341994826967109,6,0.00139469400553623,2.84595831385869e-05,1.02295840232391e-223,0.0407811433261932,0.000832164140930819,0.041613307467124,0.0399489791852624,4,2019-04-14,104,"2019",34.4036356060935,15.1119422285334,4.044,NA,0.1264
"224","2019-04-14","synecho","Gradients 3",0.0723191660630825,6,0.000627071012726101,8.94769614793328e-05,5.89942177313972e-12,0.00867088279446032,0.0012372510131171,0.00990813380757742,0.00743363178134322,4,2019-04-14,104,"2019",34.4036356060935,15.1119422285334,4.044,NA,0.1264
"225","2019-04-15","picoeuk","Gradients 3",0.359798237812833,7,0.00703919446362209,0.00105709766643619,5.25979880711551e-11,0.0195642827669542,0.00293802902666268,0.0225023117936168,0.0166262537402915,4,2019-04-15,105,"2019",33.8748883916792,12.5150144954491,4.415,1.95,0.270125
"226","2019-04-15","prochloro","Gradients 3",0.0402867088782254,7,0.000721396437787187,1.22943675627119e-05,1.26682010804437e-285,0.0179065616893093,0.000305171802439214,0.0182117334917485,0.0176013898868701,4,2019-04-15,105,"2019",33.8748883916792,12.5150144954491,4.415,1.95,0.270125
"227","2019-04-15","synecho","Gradients 3",0.0816372096357742,7,0.00282491041920338,4.91019249961261e-05,2.81553587408673e-280,0.0346032211513202,0.000601465008605697,0.0352046861599259,0.0340017561427145,4,2019-04-15,105,"2019",33.8748883916792,12.5150144954491,4.415,1.95,0.270125
"228","2019-04-16","synecho","Gradients 3",0.0953809302763061,7,0.00433362145546596,0.000186057627787873,2.57426365209924e-75,0.0454348835025201,0.00195067952523516,0.0473855630277552,0.0434842039772849,4,2019-04-16,106,"2019",33.6111779239249,9.89542721638326,8.11444444444444,5.90333333333333,0.631444444444444
"229","2019-04-16","prochloro","Gradients 3",0.0499478334054344,7,0.000338211587355679,3.65382178274144e-05,1.54183371971536e-18,0.00677129645665233,0.000731527582604593,0.00750282403925692,0.00603976887404774,4,2019-04-16,106,"2019",33.6111779239249,9.89542721638326,8.11444444444444,5.90333333333333,0.631444444444444
"230","2019-04-18","prochloro","Gradients 3",0.0495512535141631,7,0.000118207482157315,1.39454582918856e-05,2.34999907918542e-16,0.00238555987536276,0.000281435025410601,0.00266699490077336,0.00210412484995216,4,2019-04-18,108,"2019",33.5874427950257,9.81772413820985,NA,NA,NA
"231","2019-04-20","picoeuk","Gradients 3",0.405263742958819,6,0.0145082270978908,0.000242486998121803,1.39849866400153e-261,0.0357994697279522,0.000598343677012437,0.0363978134049646,0.0352011260509397,4,2019-04-20,110,"2019",34.0615362937884,13.6477109657998,3.99,0.02,0.1865
"232","2019-04-20","prochloro","Gradients 3",0.0400932606484936,6,0.000985912901653247,2.47442954714407e-05,4.49908385467999e-174,0.024590489416587,0.000617168448542497,0.0252076578651295,0.0239733209680446,4,2019-04-20,110,"2019",34.0615362937884,13.6477109657998,3.99,0.02,0.1865
"233","2019-04-21","picoeuk","Gradients 3",0.607862428017693,7,0.0104632419060981,0.000233099349566945,1.16657789063362e-216,0.0172131742707308,0.000383473856620993,0.0175966481273518,0.0168297004141099,4,2019-04-21,111,"2019",34.6374371127468,15.9806819569694,3.385,0.015,0.0775
"234","2019-04-22","prochloro","Gradients 3",0.0249712998404116,7,0.00210214727146533,5.61085276001232e-05,2.36541056390339e-175,0.084182532943815,0.00224692058317771,0.0864294535269927,0.0819356123606373,4,2019-04-22,112,"2019",34.8464726591946,17.3575590685869,3.24,0.01,0.072
"235","2019-04-22","synecho","Gradients 3",0.0926107489763752,7,0.00340185094050261,7.78151573737719e-05,2.46376280513011e-210,0.0367327872639322,0.000840238938069947,0.0375730262020021,0.0358925483258622,4,2019-04-22,112,"2019",34.8464726591946,17.3575590685869,3.24,0.01,0.072
"236","2019-04-23","picoeuk","Gradients 3",0.43577153439485,7,0.00852868602262465,0.000299064286018229,5.59366016318327e-121,0.0195714619920467,0.000686286878360552,0.0202577488704072,0.0188851751136861,4,2019-04-23,113,"2019",34.2520927775514,14.2542308999846,NA,NA,NA
"237","2019-04-23","prochloro","Gradients 3",0.0406853313425902,7,0.00133922383331968,1.540395654317e-05,0,0.032916625946653,0.000378612046033524,0.0332952379926865,0.0325380139006195,4,2019-04-23,113,"2019",34.2520927775514,14.2542308999846,NA,NA,NA
"238","2019-04-23","synecho","Gradients 3",0.0923815699389781,7,0.00177786422185452,3.08313999504684e-05,8.4540300542789e-275,0.0192447933395035,0.00033373972720786,0.0195785330667114,0.0189110536122956,4,2019-04-23,113,"2019",34.2520927775514,14.2542308999846,NA,NA,NA
"239","2019-04-24","picoeuk","Gradients 3",0.315298879306537,7,0.0259173579106411,0.0015226443444037,1.26946627611366e-53,0.0821993340656435,0.00482920950354336,0.0870285435691868,0.0773701245621001,4,2019-04-24,114,"2019",33.7567333164529,11.0336785976398,7.395,5.89333333333333,0.652
"240","2019-04-24","prochloro","Gradients 3",0.0502725671241778,7,0.00180648176291969,3.67327662253354e-05,1.67450922496912e-216,0.0359337480908329,0.000730672180209181,0.0366644202710421,0.0352030759106237,4,2019-04-24,114,"2019",33.7567333164529,11.0336785976398,7.395,5.89333333333333,0.652
"241","2019-04-24","synecho","Gradients 3",0.0861528476724389,7,0.000629098816603265,8.79780124017652e-05,2.43332611762036e-12,0.00730212446366436,0.00102118519327725,0.00832330965694161,0.00628093927038711,4,2019-04-24,114,"2019",33.7567333164529,11.0336785976398,7.395,5.89333333333333,0.652
"242","2019-04-25","picoeuk","Gradients 3",0.502211268236257,7,0.00955412213726343,0.000602409709663166,1.22774775406798e-47,0.019024109456598,0.00119951452260082,0.0202236239791988,0.0178245949339971,4,2019-04-25,115,"2019",33.6907581504366,10.5554335101781,5.82166666666667,3.23444444444445,0.445888888888889
"243","2019-04-25","synecho","Gradients 3",0.0971634752400558,7,0.00326866665047793,5.81533969466232e-05,1.48035974835604e-242,0.0336408989324666,0.000598510878732438,0.034239409811199,0.0330423880537341,4,2019-04-25,115,"2019",33.6907581504366,10.5554335101781,5.82166666666667,3.23444444444445,0.445888888888889
"244","2019-04-26","prochloro","Gradients 3",0.035313050447348,7,9.01608315398809e-05,2.99242347947799e-05,0.00267409522962156,0.0025531872890537,0.000847398749632154,0.00340058603868585,0.00170578853942154,4,2019-04-26,116,"2019",34.2271507183949,13.8404775114158,4.16,0.0855555555555556,0.164666666666667
"245","2019-04-26","synecho","Gradients 3",0.0982735628214055,7,0.00175783862030239,6.73044452585941e-05,1.89953505134164e-107,0.0178871974296581,0.000684868273076736,0.0185720657027349,0.0172023291565814,4,2019-04-26,116,"2019",34.2271507183949,13.8404775114158,4.16,0.0855555555555556,0.164666666666667
"246","2019-04-26","picoeuk","Gradients 3",0.28523960559417,7,0.014801636243862,0.000450531815622661,2.31059801127731e-147,0.0518919391051229,0.00157948548093164,0.0534714245860545,0.0503124536241912,4,2019-04-26,116,"2019",34.2271507183949,13.8404775114158,4.16,0.0855555555555556,0.164666666666667
"247","2019-04-27","synecho","Gradients 3",0.0790351313493322,7,0.00117117349846146,5.43523911102543e-05,7.15846731691033e-81,0.0148183912453427,0.000687699130529927,0.0155060903758727,0.0141306921148128,4,2019-04-27,117,"2019",35.0635661920553,18.0855037928368,3.07,0.0133333333333333,0.0488333333333333
"248","2019-04-27","picoeuk","Gradients 3",0.579850695469251,7,0.0364666201153471,0.000415123474008052,0,0.0628896721178131,0.000715914419438797,0.0636055865372519,0.0621737576983743,4,2019-04-27,117,"2019",35.0635661920553,18.0855037928368,3.07,0.0133333333333333,0.0488333333333333
"249","2019-04-27","prochloro","Gradients 3",0.022228917034119,7,0.000699686459073328,7.22000081256434e-06,0,0.0314764078699553,0.000324802184536584,0.0318012100544919,0.0311516056854188,4,2019-04-27,117,"2019",35.0635661920553,18.0855037928368,3.07,0.0133333333333333,0.0488333333333333
"250","2019-04-28","picoeuk","Gradients 3",0.694105620072911,7,0.0505650321273104,0.000539880728702664,0,0.0728491898999448,0.000777807747250272,0.073626997647195,0.0720713821526945,4,2019-04-28,118,"2019",35.4997775011301,22.4508709548086,NA,NA,NA
"251","2019-04-28","synecho","Gradients 3",0.0781263417625498,7,0.00358995080589879,5.30166045441701e-05,1.24853786286552e-266,0.0459505811344625,0.000678600883493354,0.0466291820179559,0.0452719802509692,4,2019-04-28,118,"2019",35.4997775011301,22.4508709548086,NA,NA,NA
"252","2019-04-28","prochloro","Gradients 3",0.0239776827898624,7,0.00130704211728654,1.56654676038012e-05,1.8657959048283e-311,0.0545107769062298,0.000653335342747315,0.0551641122489771,0.0538574415634825,4,2019-04-28,118,"2019",35.4997775011301,22.4508709548086,NA,NA,NA
"253","2019-11-22","picoeuk","SR1917",0.753978083773037,6,0.0692870708304196,0.000353385194883284,0,0.0918953379701637,0.000468694253173625,0.0923640322233374,0.0914266437169901,11,2019-11-22,326,"2019",34.7794710659584,23.0056338141076,0.126140403645493,0.0393197224144475,0.252670348786709
"254","2019-11-22","prochloro","SR1917",0.0309644364048398,6,0.00109448587443266,1.67887393660086e-06,0,0.0353465459575293,5.42194249767921e-05,0.0354007653825061,0.0352923265325525,11,2019-11-22,326,"2019",34.7794710659584,23.0056338141076,0.126140403645493,0.0393197224144475,0.252670348786709
"255","2019-11-22","synecho","SR1917",0.14060819395893,6,0.00379924961476515,1.76570848156816e-05,0,0.0270201153133,0.000125576499623052,0.0271456918129231,0.0268945388136769,11,2019-11-22,326,"2019",34.7794710659584,23.0056338141076,0.126140403645493,0.0393197224144475,0.252670348786709
"256","2019-11-24","prochloro","SR1917",0.033141024938016,6,0.00139344505999284,2.51049822957772e-06,0,0.042045925332696,7.57519791338118e-05,0.0421216773118299,0.0419701733535622,11,2019-11-24,328,"2019",34.3153883132501,21.4553558438593,0.123905218872165,0.0478175116424546,0.232745592284021
"257","2019-11-24","synecho","SR1917",0.131019445187562,6,0.00491475223373736,3.98810650676627e-05,0,0.0375116245279591,0.0003043904285396,0.0378160149564987,0.0372072340994195,11,2019-11-24,328,"2019",34.3153883132501,21.4553558438593,0.123905218872165,0.0478175116424546,0.232745592284021
"258","2019-11-24","picoeuk","SR1917",0.941603485594516,6,0.0914855680192262,0.000316484808005595,0,0.0971593344957335,0.000336112613055771,0.0974954471087893,0.0968232218826778,11,2019-11-24,328,"2019",34.3153883132501,21.4553558438593,0.123905218872165,0.0478175116424546,0.232745592284021
"259","2019-11-25","picoeuk","SR1917",1.01907239363254,7,0.110895359391638,0.00104388108492974,0,0.108819903359707,0.00102434438559244,0.109844247745299,0.107795558974114,11,2019-11-25,329,"2019",33.6978212480203,19.8948735267966,NA,NA,NA
"260","2019-11-25","prochloro","SR1917",0.0366827882573697,7,0.00211911313580725,8.14682347413663e-06,0,0.0577685949317527,0.000222088446957134,0.0579906833787099,0.0575465064847956,11,2019-11-25,329,"2019",33.6978212480203,19.8948735267966,NA,NA,NA
"261","2019-11-25","synecho","SR1917",0.125179870524178,7,0.00870189968066602,8.47679854949576e-05,0,0.0695151676082398,0.000677169461351893,0.0701923370695917,0.0688379981468879,11,2019-11-25,329,"2019",33.6978212480203,19.8948735267966,NA,NA,NA
"262","2019-11-26","prochloro","SR1917",0.0443314135341072,7,0.00320075593145342,1.95214046867429e-05,0,0.0722006287706315,0.000440351505411028,0.0726409802760425,0.0717602772652204,11,2019-11-26,330,"2019",33.2567116671284,18.611970079947,0.127248105264915,0.277082349300653,0.303651423126164
"263","2019-11-26","synecho","SR1917",0.147111257105898,7,0.0074990938308128,0.000160288297676107,2.50146782532244e-221,0.0509756627626029,0.00108957193915299,0.0520652347017558,0.0498860908234499,11,2019-11-26,330,"2019",33.2567116671284,18.611970079947,0.127248105264915,0.277082349300653,0.303651423126164
"264","2021-11-19","prochloro","Gradients 4",0.0151770410435132,6,0.000269974455961129,2.71565736141833e-05,1.45720267207829e-18,0.0177883459092652,0.00178931937630821,0.0195776652855734,0.015999026532957,11,2021-11-19,323,"2021",33.0632167157743,17.6606098085644,NA,NA,NA
"265","2021-11-20","picoeuk","Gradients 4",0.531813625668335,8,0.016489464908458,0.0014430631511888,2.452478496847e-26,0.0310060970847363,0.00271347532582544,0.0337195724105618,0.0282926217589109,11,2021-11-20,324,"2021",33.2845373079227,18.9927666567071,NA,NA,NA
"266","2021-11-20","prochloro","Gradients 4",0.018345866931669,8,0.000702688347502421,1.92850449458933e-05,1.08003280988507e-128,0.0383022699401263,0.00105119289362135,0.0393534628337476,0.0372510770465049,11,2021-11-20,324,"2021",33.2845373079227,18.9927666567071,NA,NA,NA
"267","2021-11-20","synecho","Gradients 4",0.0577387827358819,8,0.000924491989018504,7.19048330425613e-05,7.17429246499228e-32,0.0160116293626671,0.0012453472282483,0.0172569765909154,0.0147662821344188,11,2021-11-20,324,"2021",33.2845373079227,18.9927666567071,NA,NA,NA
"268","2021-11-21","picoeuk","Gradients 4",0.787855395139943,8,0.0368548535614116,0.000466111770368498,0,0.0467787030320016,0.000591620966542604,0.0473703239985442,0.0461870820654589,11,2021-11-21,325,"2021",33.6707137753209,20.2685946048217,NA,NA,NA
"269","2021-11-21","prochloro","Gradients 4",0.0218231200689976,8,0.000724955771833763,9.73965188066151e-06,1.86835331040428e-316,0.0332196207298356,0.00044629969728746,0.0336659204271231,0.0327733210325481,11,2021-11-21,325,"2021",33.6707137753209,20.2685946048217,NA,NA,NA
"270","2021-11-21","synecho","Gradients 4",0.0783480316444001,8,0.00163931192773811,2.70322149782265e-05,8.42084260599227e-267,0.0209234602750264,0.000345027365855447,0.0212684876408818,0.0205784329091709,11,2021-11-21,325,"2021",33.6707137753209,20.2685946048217,NA,NA,NA
"271","2021-11-22","picoeuk","Gradients 4",0.691975018623522,8,0.0331096413613761,0.000410037038176346,3.66100790201472e-263,0.0478480298714221,0.000592560464093043,0.0484405903355151,0.047255469407329,11,2021-11-22,326,"2021",34.5748215524161,21.5266589948485,NA,NA,NA
"272","2021-11-22","prochloro","Gradients 4",0.0202344788554914,8,0.000513691251225958,9.50104765013202e-06,1.1650236919703e-194,0.0253869276740255,0.000469547435245834,0.0258564751092713,0.0249173802387797,11,2021-11-22,326,"2021",34.5748215524161,21.5266589948485,NA,NA,NA
"273","2021-11-22","synecho","Gradients 4",0.0740534194615402,8,0.00152349226386295,3.0701022868822e-05,9.01950226981426e-181,0.0205728820483999,0.00041457940891935,0.0209874614573193,0.0201583026394806,11,2021-11-22,326,"2021",34.5748215524161,21.5266589948485,NA,NA,NA
"274","2021-11-23","picoeuk","Gradients 4",0.796992137108704,7,0.0716576978471185,0.000698328239012026,0,0.0899101691355143,0.000876204678185902,0.0907863738137002,0.0890339644573284,11,2021-11-23,327,"2021",34.9053687469475,23.4329191935227,NA,NA,NA
"275","2021-11-23","prochloro","Gradients 4",0.0205721138300084,7,0.00153812590504536,8.98820351106884e-06,0,0.0747675186786936,0.000436912005510966,0.0752044306842046,0.0743306066731826,11,2021-11-23,327,"2021",34.9053687469475,23.4329191935227,NA,NA,NA
"276","2021-11-23","synecho","Gradients 4",0.0721257501277881,7,0.0052827764709467,3.77835952714113e-05,0,0.0732439726670016,0.000523857224423574,0.0737678298914252,0.072720115442578,11,2021-11-23,327,"2021",34.9053687469475,23.4329191935227,NA,NA,NA
"277","2021-11-24","picoeuk","Gradients 4",0.655114402376626,7,0.0403470174499894,0.000473815745794139,3.166172184673e-294,0.0615877430012504,0.000723256493942476,0.0623109994951929,0.0608644865073079,11,2021-11-24,328,"2021",35.0207005079538,23.8948186098823,NA,NA,NA
"278","2021-11-24","prochloro","Gradients 4",0.018121918148281,7,0.00092331068378946,7.2408289363339e-06,0,0.0509499422872652,0.000399561949076608,0.0513495042363418,0.0505503803381886,11,2021-11-24,328,"2021",35.0207005079538,23.8948186098823,NA,NA,NA
"279","2021-11-24","synecho","Gradients 4",0.062480089603327,7,0.00314371900426042,2.10176507689992e-05,0,0.0503155329036695,0.000336389574701892,0.0506519224783714,0.0499791433289677,11,2021-11-24,328,"2021",35.0207005079538,23.8948186098823,NA,NA,NA
"280","2021-11-25","picoeuk","Gradients 4",0.642049788668288,7,0.0388989898991535,0.000391823561508629,0,0.0605856283822413,0.000610269746091395,0.0611958981283327,0.0599753586361499,11,2021-11-25,329,"2021",35.0736363506322,23.7808297452566,NA,NA,NA
"281","2021-11-25","prochloro","Gradients 4",0.0177956734408641,7,0.00095920013157109,5.34599479996327e-06,0,0.0539007492331528,0.000300409805660252,0.054201159038813,0.0536003394274925,11,2021-11-25,329,"2021",35.0736363506322,23.7808297452566,NA,NA,NA
"282","2021-11-25","synecho","Gradients 4",0.0646049952869665,7,0.00229334017293566,2.45574186871746e-05,0,0.0354978769481982,0.00038011640706874,0.0358779933552669,0.0351177605411295,11,2021-11-25,329,"2021",35.0736363506322,23.7808297452566,NA,NA,NA
"283","2021-11-26","picoeuk","Gradients 4",0.631275650153597,7,0.0689424137830693,0.00100875964049127,9.75566288062096e-296,0.109211267322436,0.00159797014227593,0.110809237464712,0.10761329718016,11,2021-11-26,330,"2021",34.5697989681562,25.1567729141922,NA,NA,NA
"284","2021-11-26","prochloro","Gradients 4",0.0213034910860615,7,0.00192476159318789,1.73875359229444e-05,0,0.0903495856811575,0.000816182467591932,0.0911657681487495,0.0895334032135656,11,2021-11-26,330,"2021",34.5697989681562,25.1567729141922,NA,NA,NA
"285","2021-11-26","synecho","Gradients 4",0.0846201551937572,7,0.00812460014089541,6.66696546783401e-05,0,0.0960125885173842,0.000787869680996031,0.0968004581983803,0.0952247188363882,11,2021-11-26,330,"2021",34.5697989681562,25.1567729141922,NA,NA,NA
"286","2021-11-27","picoeuk","Gradients 4",0.4885502295354,7,0.0505275348998396,0.000926878293065739,7.39716187521108e-244,0.10342341860711,0.0018972016325674,0.105320620239678,0.101526216974543,11,2021-11-27,331,"2021",33.8517314165361,26.3017085697979,NA,NA,NA
"287","2021-11-27","prochloro","Gradients 4",0.0335042280326332,7,0.00346619961822168,1.74102366536085e-05,0,0.103455588197573,0.000519642972721261,0.103975231170294,0.102935945224852,11,2021-11-27,331,"2021",33.8517314165361,26.3017085697979,NA,NA,NA
"288","2021-11-27","synecho","Gradients 4",0.0825301390669442,7,0.0048415392622845,0.000105088117780947,2.57810531774988e-206,0.0586638931791608,0.00127333019147957,0.0599372233706404,0.0573905629876813,11,2021-11-27,331,"2021",33.8517314165361,26.3017085697979,NA,NA,NA
"289","2021-11-28","picoeuk","Gradients 4",0.537933590780204,7,0.0662521625962626,0.000523682873843653,0,0.123160486223164,0.000973508408508414,0.124133994631673,0.122186977814656,11,2021-11-28,332,"2021",33.7969218630206,26.7183733411139,NA,NA,NA
"290","2021-11-28","prochloro","Gradients 4",0.0342056492305359,7,0.00378908300749645,1.77248156920387e-05,0,0.110773602978828,0.000518183869938522,0.111291786848767,0.11025541910889,11,2021-11-28,332,"2021",33.7969218630206,26.7183733411139,NA,NA,NA
"291","2021-11-28","synecho","Gradients 4",0.0953038851331233,7,0.00581235347628327,5.94934225273497e-05,0,0.0609875816517281,0.000624249708647738,0.0616118313603758,0.0603633319430803,11,2021-11-28,332,"2021",33.7969218630206,26.7183733411139,NA,NA,NA
"292","2021-11-29","picoeuk","Gradients 4",0.569971658745475,7,0.0565846735782466,0.000286342602232797,0,0.0992762933209542,0.000502380421621394,0.0997786737425756,0.0987739128993328,11,2021-11-29,333,"2021",33.7614761921817,26.843037770146,NA,NA,NA
"293","2021-11-29","prochloro","Gradients 4",0.0330978351105312,7,0.00282994997251143,1.11782016625996e-05,0,0.0855025702756913,0.000337732109223146,0.0858403023849144,0.0851648381664681,11,2021-11-29,333,"2021",33.7614761921817,26.843037770146,NA,NA,NA
"294","2021-11-29","synecho","Gradients 4",0.0941688452083663,7,0.00434792280083504,3.83676379240807e-05,0,0.0461715633362015,0.000407434516576953,0.0465789978527784,0.0457641288196245,11,2021-11-29,333,"2021",33.7614761921817,26.843037770146,NA,NA,NA
"295","2021-11-30","picoeuk","Gradients 4",0.394165276401558,6,0.0194422538626614,0.000509970167546329,2.44645415312339e-150,0.0493251309200928,0.00129379780025776,0.0506189287203505,0.048031333119835,11,2021-11-30,334,"2021",33.924560705004,27.727083916421,NA,NA,NA
"296","2021-11-30","prochloro","Gradients 4",0.0253606569795873,6,0.00078587136206234,2.01071896066617e-05,2.14382277773e-154,0.0309878156033137,0.000792849712956803,0.0317806653162705,0.0301949658903569,11,2021-11-30,334,"2021",33.924560705004,27.727083916421,NA,NA,NA
"297","2021-11-30","synecho","Gradients 4",0.0762152789523017,6,0.00197953500588309,4.56307047812923e-05,5.98076026370273e-172,0.0259729418181617,0.000598708099065671,0.0265716499172273,0.025374233719096,11,2021-11-30,334,"2021",33.924560705004,27.727083916421,NA,NA,NA
"298","2021-12-01","picoeuk","Gradients 4",0.383107880104992,7,0.0303942960067024,0.000399039121923114,1.4965169362028e-317,0.0793361285034721,0.00104158421855942,0.0803777127220315,0.0782945442849126,12,2021-12-01,335,"2021",34.6494253387748,26.4279764689809,NA,NA,NA
"299","2021-12-01","prochloro","Gradients 4",0.0344988494644678,7,0.00229049294914335,2.02177423026316e-05,0,0.066393314116242,0.000586041059817226,0.0669793551760592,0.0658072730564247,12,2021-12-01,335,"2021",34.6494253387748,26.4279764689809,NA,NA,NA
"300","2021-12-01","synecho","Gradients 4",0.082001577956683,7,0.00159593280295207,3.86672517093237e-05,2.84660315094363e-180,0.0194622206391579,0.000471542776039621,0.0199337634151975,0.0189906778631183,12,2021-12-01,335,"2021",34.6494253387748,26.4279764689809,NA,NA,NA
"301","2021-12-02","picoeuk","Gradients 4",0.364614663103873,7,0.0157209125562678,0.000129455173971097,0,0.0431165121622911,0.000355046538362109,0.0434715587006532,0.042761465623929,12,2021-12-02,336,"2021",34.5559128673351,25.956058468866,NA,NA,NA
"302","2021-12-02","prochloro","Gradients 4",0.0338101685216211,7,0.000898116188694948,4.77507524687692e-06,0,0.0265634934094048,0.000141231926833589,0.0267047253362384,0.0264222614825712,12,2021-12-02,336,"2021",34.5559128673351,25.956058468866,NA,NA,NA
"303","2021-12-02","synecho","Gradients 4",0.0835268414299712,7,0.000313839673296131,2.7008369495136e-05,1.36217750398112e-28,0.00375735114513164,0.000323349584789217,0.00408070072992085,0.00343400156034242,12,2021-12-02,336,"2021",34.5559128673351,25.956058468866,NA,NA,NA
"304","2021-12-03","picoeuk","Gradients 4",0.389113448633659,7,0.0358005944599646,0.000381034106765543,0,0.0920055438476248,0.000979236539121212,0.092984780386746,0.0910263073085036,12,2021-12-03,337,"2021",34.6930310089629,26.168742092698,NA,NA,NA
"305","2021-12-03","prochloro","Gradients 4",0.0350215917661967,7,0.00299583246409046,2.40422417590886e-05,0,0.0855424414769769,0.000686497687472176,0.0862289391644491,0.0848559437895047,12,2021-12-03,337,"2021",34.6930310089629,26.168742092698,NA,NA,NA
"306","2021-12-03","synecho","Gradients 4",0.0827125503781991,7,0.00227261445523639,2.00732713651891e-05,0,0.0274760534507155,0.00024268712877798,0.0277187405794935,0.0272333663219375,12,2021-12-03,337,"2021",34.6930310089629,26.168742092698,NA,NA,NA
"307","2021-12-04","picoeuk","Gradients 4",0.438046526982763,6,0.0416157634825385,0.000550143557559543,3.49139543994518e-286,0.0950030668412904,0.0012559021100998,0.0962589689513902,0.0937471647311906,12,2021-12-04,338,"2021",34.7582459669156,24.8614356475281,NA,NA,NA
"308","2021-12-04","prochloro","Gradients 4",0.0427846407337166,6,0.00238427279498527,1.94962550059952e-05,0,0.0557273066712077,0.00045568350397836,0.056182990175186,0.0552716231672293,12,2021-12-04,338,"2021",34.7582459669156,24.8614356475281,NA,NA,NA
"309","2021-12-04","synecho","Gradients 4",0.0904757788018917,6,0.00198964374643202,4.18626780529626e-05,3.01044643497679e-193,0.0219908993631169,0.000462694862728137,0.022453594225845,0.0215282045003887,12,2021-12-04,338,"2021",34.7582459669156,24.8614356475281,NA,NA,NA
"310","2021-12-05","picoeuk","Gradients 4",0.419100426863578,7,0.00560376346526462,0.00130060126197876,1.99313078491249e-05,0.0133709323734206,0.00310331648123593,0.0164742488546566,0.0102676158921847,12,2021-12-05,339,"2021",34.8495243388152,24.7757854093513,NA,NA,NA
"311","2021-12-07","picoeuk","Gradients 4",0.335101429199448,7,0.0357843632781957,0.000304349016346462,0,0.106786662664149,0.000908229538362602,0.107694892202512,0.105878433125787,12,2021-12-07,341,"2021",35.2337569494631,26.0145146220051,NA,NA,NA
"312","2021-12-07","prochloro","Gradients 4",0.0282533283376355,7,0.00208954401110728,2.64175071523272e-05,1.47231562460691e-321,0.0739574462214373,0.000935022834712795,0.07489246905615,0.0730224233867245,12,2021-12-07,341,"2021",35.2337569494631,26.0145146220051,NA,NA,NA
"313","2021-12-07","synecho","Gradients 4",0.0661919076927102,7,0.00154125312958358,2.51300251536653e-05,4.37732597023744e-262,0.0232846156472587,0.000379654039740465,0.0236642696869992,0.0229049616075182,12,2021-12-07,341,"2021",35.2337569494631,26.0145146220051,NA,NA,NA
"314","2021-12-09","picoeuk","Gradients 4",0.300021624918735,7,0.0411162918478691,0.000598782593497576,1.61774043261726e-292,0.137044427577532,0.00199579811508509,0.139040225692617,0.135048629462447,12,2021-12-09,343,"2021",34.7030350966499,26.3459280906493,NA,NA,NA
"315","2021-12-09","prochloro","Gradients 4",0.0329002477182868,7,0.00345012327059674,1.0154443867978e-05,0,0.104866179128465,0.00030864338636374,0.105174822514829,0.104557535742101,12,2021-12-09,343,"2021",34.7030350966499,26.3459280906493,NA,NA,NA
"316","2021-12-09","synecho","Gradients 4",0.0667947104073593,7,0.00198137364575663,3.74715128722112e-05,2.60482099285171e-232,0.0296636310521128,0.000560995214197121,0.03022462626631,0.0291026358379157,12,2021-12-09,343,"2021",34.7030350966499,26.3459280906493,NA,NA,NA
"317","2021-12-10","picoeuk","Gradients 4",0.303414388664854,7,0.0326124082274345,0.000490473949538467,1.34084921577181e-280,0.107484712148762,0.00161651512868836,0.109101227277451,0.105868197020074,12,2021-12-10,344,"2021",34.7456282881965,27.1420727156654,NA,NA,NA
"318","2021-12-10","prochloro","Gradients 4",0.0260444354829742,7,0.00164251908566827,1.44336697296325e-05,0,0.0630660275490333,0.00055419399430132,0.0636202215433346,0.062511833554732,12,2021-12-10,344,"2021",34.7456282881965,27.1420727156654,NA,NA,NA
"319","2021-12-10","synecho","Gradients 4",0.0709644076616353,7,0.00155891879461395,1.47967298861756e-05,0,0.0219676151183706,0.000208509172044777,0.0221761242904154,0.0217591059463258,12,2021-12-10,344,"2021",34.7456282881965,27.1420727156654,NA,NA,NA
"320","2021-12-11","picoeuk","Gradients 4",0.527020868365239,7,0.0245393496569603,0.00083977578733067,3.53839807747621e-102,0.0465623870513491,0.00159343934507862,0.0481558263964277,0.0449689477062705,12,2021-12-11,345,"2021",34.2074569670198,27.772565903169,NA,NA,NA
"321","2021-12-11","prochloro","Gradients 4",0.0239536401153089,7,0.00102717987830789,1.76684366279824e-05,8.18959554389301e-200,0.0428819951106894,0.000737609671971751,0.0436196047826612,0.0421443854387177,12,2021-12-11,345,"2021",34.2074569670198,27.772565903169,NA,NA,NA
"322","2021-12-11","synecho","Gradients 4",0.0901870794285335,7,0.00119596441686421,0.000121167451646604,9.41260736254563e-21,0.0132609285547596,0.00134351231256602,0.0146044408673256,0.0119174162421935,12,2021-12-11,345,"2021",34.2074569670198,27.772565903169,NA,NA,NA
"323","2021-12-12","picoeuk","Gradients 4",0.532356954316563,6,0.0270118333238975,0.000164360938823236,0,0.0507400778835981,0.000308741977521909,0.0510488198611201,0.0504313359060762,12,2021-12-12,346,"2021",34.0246773367072,27.1897487384848,NA,NA,NA
"324","2021-12-12","prochloro","Gradients 4",0.0235825746704236,6,0.00112845845014639,6.19924257689948e-06,0,0.0478513676270326,0.000262873866129399,0.048114241493162,0.0475884937609032,12,2021-12-12,346,"2021",34.0246773367072,27.1897487384848,NA,NA,NA
"325","2021-12-12","synecho","Gradients 4",0.0885051593282348,6,0.00156469956659987,2.24194389237829e-05,1.26576420990883e-273,0.0176791904390223,0.000253312226021051,0.0179325026650434,0.0174258782130013,12,2021-12-12,346,"2021",34.0246773367072,27.1897487384848,NA,NA,NA
"326","2021-12-13","picoeuk","Gradients 4",0.572820553118443,6,0.0411012794120995,0.000231562572364761,0,0.071752452296524,0.000404249762170947,0.0721567020586949,0.071348202534353,12,2021-12-13,347,"2021",33.9512266586438,26.8035337879735,NA,NA,NA
"327","2021-12-13","prochloro","Gradients 4",0.0219506432246952,6,0.000991650438513595,6.40512036166524e-06,0,0.0451763726631007,0.000291796477037141,0.0454681691401378,0.0448845761860635,12,2021-12-13,347,"2021",33.9512266586438,26.8035337879735,NA,NA,NA
"328","2021-12-13","synecho","Gradients 4",0.0850090870868623,6,0.00316510888115779,2.47005689322632e-05,0,0.0372325946510128,0.000290563865331528,0.0375231585163443,0.0369420307856813,12,2021-12-13,347,"2021",33.9512266586438,26.8035337879735,NA,NA,NA
"329","2021-12-14","picoeuk","Gradients 4",0.761240278115123,6,0.0455785491944202,0.000368433988338442,0,0.0598740640829929,0.00048399171579663,0.0603580557987895,0.0593900723671963,12,2021-12-14,348,"2021",34.8428328287646,25.9141325042072,NA,NA,NA
"330","2021-12-14","prochloro","Gradients 4",0.0208231285560752,6,0.000735668707876042,1.11231998118027e-05,8.39953007189904e-289,0.0353294033552614,0.000534175245657669,0.0358635786009191,0.0347952281096038,12,2021-12-14,348,"2021",34.8428328287646,25.9141325042072,NA,NA,NA
"331","2021-12-14","synecho","Gradients 4",0.0853622165483315,6,0.0021370237087297,4.54347214034729e-05,3.60388319006127e-210,0.025034772937506,0.000532257985331814,0.0255670309228379,0.0245025149521742,12,2021-12-14,348,"2021",34.8428328287646,25.9141325042072,NA,NA,NA
"332","2021-12-22","picoeuk","TN398",0.686733990822832,6,0.0314223973415442,0.000180404714328885,0,0.0457562866575084,0.000262699555781019,0.0460189862132894,0.0454935871017274,12,2021-12-22,356,"2021",35.3136362389398,23.3403129286804,0.8975,0.1325,0.0675
"333","2021-12-22","prochloro","TN398",0.0204285229306505,6,0.00101932459546066,1.34910226740894e-05,8.49538443665692e-300,0.0498971266263841,0.000660401279127618,0.0505575279055117,0.0492367253472564,12,2021-12-22,356,"2021",35.3136362389398,23.3403129286804,0.8975,0.1325,0.0675
"334","2021-12-22","synecho","TN398",0.0807485657664339,6,0.00362619288830059,3.46838645251089e-05,0,0.0449072110926328,0.000429529171148777,0.0453367402637816,0.044477681921484,12,2021-12-22,356,"2021",35.3136362389398,23.3403129286804,0.8975,0.1325,0.0675
"335","2021-12-24","picoeuk","TN398",0.656935470026701,6,0.0356017309478568,0.000359405919298651,0,0.0541936500192473,0.000547094708227648,0.054740744727475,0.0536465553110197,12,2021-12-24,358,"2021",34.9438179573593,21.2524675614999,1.26,0.02,0.06
"336","2021-12-24","prochloro","TN398",0.0198763360654549,6,0.00067541252522454,4.50732835041915e-06,0,0.0339807358358369,0.000226768572214519,0.0342075044080514,0.0337539672636224,12,2021-12-24,358,"2021",34.9438179573593,21.2524675614999,1.26,0.02,0.06
"337","2021-12-24","synecho","TN398",0.0777972485264166,6,0.00244233752122966,1.17813420781921e-05,0,0.0313936233927393,0.000151436487810898,0.0315450598805502,0.0312421869049284,12,2021-12-24,358,"2021",34.9438179573593,21.2524675614999,1.26,0.02,0.06
"338","2021-12-25","picoeuk","TN398",0.670207895202459,6,0.0304704984998957,0.000278173260683895,0,0.0454642488069931,0.000415055183138157,0.0458793039901312,0.0450491936238549,12,2021-12-25,359,"2021",34.4867739341403,20.263581885993,1.175,0.13,0.13
"339","2021-12-25","prochloro","TN398",0.0194399021396516,6,0.000484081598345186,5.05628485509351e-06,0,0.0249014421403801,0.000260098266893031,0.0251615404072731,0.0246413438734871,12,2021-12-25,359,"2021",34.4867739341403,20.263581885993,1.175,0.13,0.13
"340","2021-12-25","synecho","TN398",0.0747336651805189,6,0.0024516640366579,2.815367747231e-05,0,0.0328053499147394,0.000376720148868718,0.0331820700636081,0.0324286297658706,12,2021-12-25,359,"2021",34.4867739341403,20.263581885993,1.175,0.13,0.13
"341","2021-12-26","picoeuk","TN398",0.567467890766967,7,0.00715100112304375,0.000305529065880218,8.59397592813265e-87,0.012601596036348,0.000538407671784349,0.0131400037081323,0.0120631883645636,12,2021-12-26,360,"2021",33.6457316554504,18.9596231036031,1.12,0.14,0.23
"342","2021-12-26","prochloro","TN398",0.0206966242622379,7,0.000697957803434755,1.35340538944039e-05,8.2558208387338e-224,0.0337232678426798,0.000653925670337334,0.0343771935130172,0.0330693421723425,12,2021-12-26,360,"2021",33.6457316554504,18.9596231036031,1.12,0.14,0.23
"343","2021-12-26","synecho","TN398",0.070000320878416,7,0.00133696309607596,4.17313506760693e-05,1.63727153810409e-132,0.0190993852499353,0.000596159419733986,0.0196955446696693,0.0185032258302013,12,2021-12-26,360,"2021",33.6457316554504,18.9596231036031,1.12,0.14,0.23
"344","2021-12-27","picoeuk","TN398",0.493169329129379,7,0.0284920497277196,0.000247006734912587,0,0.0577733610847583,0.000500855832516272,0.0582742169172745,0.057272505252242,12,2021-12-27,361,"2021",32.9955638679197,17.2867885764732,0.95,0.145,0.345
"345","2021-12-27","prochloro","TN398",0.0296569357667484,7,0.00125865822489355,3.72944189165901e-05,7.2041973071905e-140,0.0424406025893198,0.0012575277233599,0.0436981303126797,0.0411830748659599,12,2021-12-27,361,"2021",32.9955638679197,17.2867885764732,0.95,0.145,0.345
"346","2021-12-27","synecho","TN398",0.085082379950838,7,0.00246300104636937,2.00639519463827e-05,0,0.0289484267811095,0.000235817944420173,0.0291842447255297,0.0287126088366893,12,2021-12-27,361,"2021",32.9955638679197,17.2867885764732,0.95,0.145,0.345
"347","2021-12-28","picoeuk","TN398",0.351140496973876,7,0.014209068230529,0.00159685926559821,5.82903989812202e-18,0.0404654784992974,0.00454763628621571,0.0450131147855131,0.0359178422130817,12,2021-12-28,362,"2021",33.1188225455025,15.8454709958781,1.525,0.553333333333333,0.39
"348","2021-12-28","prochloro","TN398",0.0446847922795589,7,0.00146845351359325,4.90069456870031e-05,8.08590419088737e-124,0.0328624894215967,0.00109672537762744,0.0339592147992242,0.0317657640439693,12,2021-12-28,362,"2021",33.1188225455025,15.8454709958781,1.525,0.553333333333333,0.39
"349","2021-12-28","synecho","TN398",0.0995433310522575,7,0.00534145681052821,0.000259884820467768,2.02710599414036e-72,0.0536596149040271,0.00261077078414561,0.0562703856881727,0.0510488441198814,12,2021-12-28,362,"2021",33.1188225455025,15.8454709958781,1.525,0.553333333333333,0.39
